,datasetname,model,n_normflows,test_measures,value0,value1,value2
0,boston,mixture,1,best_val_loss,2.80881032114,3.01743622103,3.21666119617
1,boston,mixture,2,best_val_loss,2.95028468146,3.0127778537,3.05070854961
2,boston,mixture,3,best_val_loss,2.52456703739,3.31015721197,3.9729466922
3,boston,mixture,4,best_val_loss,2.81193749801,5.3262853498,5.40540887998
4,boston,mixture,8,best_val_loss,3.70348861252,3.86175147347,3.98702333976
5,boston,mixture,20,best_val_loss,13.2096894582,13.481947885,81.5118217745
6,boston,baseline,1,best_val_loss,2.88349478348,3.21821733558,3.34393868654
7,boston,baseline,2,best_val_loss,2.46865428427,2.50463264576,2.64401117961
8,boston,baseline,3,best_val_loss,2.55110583098,2.67841449406,2.70994424129
9,boston,baseline,4,best_val_loss,2.15373335023,2.20152614428,2.23085110429
10,boston,baseline,8,best_val_loss,2.04644040647,2.46542629297,2.52827243529
11,boston,baseline,20,best_val_loss,2.73650724992,2.88148686506,2.88900231624
12,boston,planarflowdet,1,best_val_loss,1.75703227347,2.04943374966,2.3608295883
13,boston,planarflowdet,2,best_val_loss,1.7171917791,1.83208523626,2.07842602937
14,boston,planarflowdet,3,best_val_loss,1.78732847131,1.94205789981,2.41720929353
15,boston,planarflowdet,4,best_val_loss,2.45663341232,4.00220982095,5.07865660294
16,boston,planarflowdet,8,best_val_loss,2.01687711909,2.22342958312,2.84460059456
17,boston,planarflowdet,20,best_val_loss,4.87053293422,4.88079634957,7.1137111498
18,boston,baselinedetplus,1,best_val_loss,0.387252185656,0.389304617177,0.478907875393
19,boston,baselinedetplus,2,best_val_loss,0.124417346457,0.130551203437,0.145056195881
20,boston,baselinedetplus,3,best_val_loss,-0.0146718893362,0.104689100514,0.171069134837
21,boston,baselinedetplus,4,best_val_loss,0.723251923271,1.12153716709,1.14000486291
22,boston,baselinedetplus,8,best_val_loss,1.27398366513,1.32957027269,1.34509675399
23,boston,baselinedetplus,20,best_val_loss,1.8257948834,1.9056192481,1.98765530794
24,boston,radialflowdet,1,best_val_loss,0.717193893764,0.749585483385,0.756528514364
25,boston,radialflowdet,2,best_val_loss,0.137378087078,0.391946675121,0.504680183659
26,boston,radialflowdet,3,best_val_loss,0.618636846542,1.14638077003,1.20394341842
27,boston,radialflowdet,4,best_val_loss,0.960597577302,1.58820273911,1.85341804615
28,boston,radialflowdet,8,best_val_loss,0.331343021946,0.47526904811,0.544744074129
29,boston,radialflowdet,20,best_val_loss,1838398.28261,inf,54518.1603261
30,boston,baselineplus,1,best_val_loss,4.30212948011,4.31039536518,4.34904300856
31,boston,baselineplus,2,best_val_loss,2.85017758245,3.13033982982,3.95043681601
32,boston,baselineplus,3,best_val_loss,3.62941985199,3.68107510995,3.7541725988
33,boston,baselineplus,4,best_val_loss,7.31295582868,7.39162312383,7.58663000577
34,boston,baselineplus,8,best_val_loss,6.47574642016,8.08473099418,9.15202337072
35,boston,baselineplus,20,best_val_loss,9.89580335202,10.0130693353,12.3792147927
36,boston,planarflow,1,best_val_loss,3.30189449476,3.36980468087,3.73565128161
37,boston,planarflow,2,best_val_loss,3.4164392499,3.51887056102,4.1457229559
38,boston,planarflow,3,best_val_loss,3.23273691924,3.88398051055,4.15044905621
39,boston,planarflow,4,best_val_loss,3.5676608984,5.31764063213,5.42726139815
40,boston,planarflow,8,best_val_loss,3.71554045746,4.04623026088,4.33190481214
41,boston,planarflow,20,best_val_loss,,inf,
42,boston,baselinedet,1,best_val_loss,0.229186306829,0.294559333635,0.357576536096
43,boston,baselinedet,2,best_val_loss,-0.0404030706571,0.0779933618463,0.132682022841
44,boston,baselinedet,3,best_val_loss,-0.0539722390797,0.0936058293218,0.171622131182
45,boston,baselinedet,4,best_val_loss,0.473935832148,0.563194606615,0.596368582352
46,boston,baselinedet,8,best_val_loss,0.0962514255358,0.127387430357,0.315522525621
47,boston,baselinedet,20,best_val_loss,0.0397225514702,0.162061255911,0.486018222311
48,boston,radialflow,1,best_val_loss,3.03664126447,3.44739255225,3.46699955592
49,boston,radialflow,2,best_val_loss,2.44144573716,2.66099584249,2.78918178886
50,boston,radialflow,3,best_val_loss,2.67231862425,2.72639025926,2.79367989725
51,boston,radialflow,4,best_val_loss,2.19121358567,2.20769745592,3.54882764588
52,boston,radialflow,8,best_val_loss,2.59352086823,2.69743230146,2.72208416823
53,boston,radialflow,20,best_val_loss,inf,inf,inf
54,boston,mixture,1,val_error_rate,3.46148943901,3.76636147499,3.92900705338
55,boston,mixture,2,val_error_rate,5.98698282242,6.5083565712,7.84196710587
56,boston,mixture,3,val_error_rate,3.96676874161,4.09358596802,4.21987485886
57,boston,mixture,4,val_error_rate,3.55724716187,3.9627392292,4.00172758102
58,boston,mixture,8,val_error_rate,10.6575737,10.6893606186,10.8883686066
59,boston,mixture,20,val_error_rate,6.63343477249,6.98979568481,7.55773067474
60,boston,baseline,1,val_error_rate,3.80630636215,3.99187922478,4.13792085648
61,boston,baseline,2,val_error_rate,3.72944402695,4.16575336456,4.47003221512
62,boston,baseline,3,val_error_rate,3.86010551453,3.90209937096,3.98460578918
63,boston,baseline,4,val_error_rate,3.38699650764,3.77331995964,3.87236070633
64,boston,baseline,8,val_error_rate,5.03146076202,5.37677812576,5.87046766281
65,boston,baseline,20,val_error_rate,3.45300173759,3.5469481945,3.76011919975
66,boston,planarflowdet,1,val_error_rate,2.77737951279,3.22915410995,3.54208087921
67,boston,planarflowdet,2,val_error_rate,3.74021840096,4.6126499176,4.87940883636
68,boston,planarflowdet,3,val_error_rate,4.34683561325,4.61394071579,4.6841583252
69,boston,planarflowdet,4,val_error_rate,3.54168748856,5.10251092911,6.21167707443
70,boston,planarflowdet,8,val_error_rate,15.6657342911,19.2055492401,30.2748622894
71,boston,planarflowdet,20,val_error_rate,14.0154266357,14.3496322632,34.3084449768
72,boston,baselinedetplus,1,val_error_rate,3.04002332687,3.45184636116,3.90599536896
73,boston,baselinedetplus,2,val_error_rate,2.53250575066,2.5851957798,2.67211914062
74,boston,baselinedetplus,3,val_error_rate,2.44667291641,2.56551408768,2.87285590172
75,boston,baselinedetplus,4,val_error_rate,4.79372262955,6.55800247192,6.86426115036
76,boston,baselinedetplus,8,val_error_rate,7.74885129929,7.91623353958,8.25266933441
77,boston,baselinedetplus,20,val_error_rate,11.8536586761,12.6624660492,15.1626682281
78,boston,radialflowdet,1,val_error_rate,2.5492503643,2.55572390556,2.71331620216
79,boston,radialflowdet,2,val_error_rate,2.13955211639,2.25950288773,2.45857906342
80,boston,radialflowdet,3,val_error_rate,2.43299388885,2.49962925911,2.58746051788
81,boston,radialflowdet,4,val_error_rate,2.41144275665,2.61484336853,2.69310665131
82,boston,radialflowdet,8,val_error_rate,2.26179718971,2.26647639275,2.32053852081
83,boston,radialflowdet,20,val_error_rate,inf,inf,inf
84,boston,baselineplus,1,val_error_rate,3.87702393532,4.02678871155,4.47318267822
85,boston,baselineplus,2,val_error_rate,7.14508390427,7.17326068878,9.0462884903
86,boston,baselineplus,3,val_error_rate,6.98304271698,8.91972827911,8.99601078033
87,boston,baselineplus,4,val_error_rate,6.93600606918,7.11885643005,7.6159324646
88,boston,baselineplus,8,val_error_rate,7.88606071472,10.1618928909,10.1958274841
89,boston,baselineplus,20,val_error_rate,7.18408584595,7.39049386978,7.50292158127
90,boston,planarflow,1,val_error_rate,3.79506254196,3.92439842224,4.02379608154
91,boston,planarflow,2,val_error_rate,3.5989420414,5.7553319931,7.61054086685
92,boston,planarflow,3,val_error_rate,3.07006502151,3.59218454361,3.61293005943
93,boston,planarflow,4,val_error_rate,4.00755310059,4.15983486176,4.16528511047
94,boston,planarflow,8,val_error_rate,5.99261808395,8.00855064392,9.1359834671
95,boston,planarflow,20,val_error_rate,inf,inf,inf
96,boston,baselinedet,1,val_error_rate,2.8809633255,3.11153936386,3.18752980232
97,boston,baselinedet,2,val_error_rate,2.21934390068,2.65938448906,2.75524783134
98,boston,baselinedet,3,val_error_rate,2.1748611927,2.44474840164,2.50411176682
99,boston,baselinedet,4,val_error_rate,3.26218414307,3.90735602379,4.18004798889
100,boston,baselinedet,8,val_error_rate,2.39512133598,2.42540454865,2.73941659927
101,boston,baselinedet,20,val_error_rate,2.2791287899,2.65592932701,3.543592453
102,boston,radialflow,1,val_error_rate,3.87479996681,4.1137547493,5.20833587646
103,boston,radialflow,2,val_error_rate,3.54966783524,3.6809566021,4.09116792679
104,boston,radialflow,3,val_error_rate,3.4445207119,3.52038216591,3.6754899025
105,boston,radialflow,4,val_error_rate,3.25663352013,3.64473485947,3.76032376289
106,boston,radialflow,8,val_error_rate,3.45403504372,3.68407297134,4.02089452744
107,boston,radialflow,20,val_error_rate,inf,inf,inf
108,concrete,mixture,1,best_val_loss,1.48446132056,2.51094246321,2.51645493866
109,concrete,mixture,2,best_val_loss,2.38239641087,2.83383424,2.88739848803
110,concrete,mixture,3,best_val_loss,2.68451633248,2.8921431538,3.05986178819
111,concrete,mixture,4,best_val_loss,8.76079518308,18.0623474121,inf
112,concrete,mixture,8,best_val_loss,2.51517024433,2.88055428126,2.90972960551
113,concrete,mixture,20,best_val_loss,15.2809636352,15.6511743689,16.1832226579
114,concrete,baseline,1,best_val_loss,1.53641846359,1.64246135971,2.43116029309
115,concrete,baseline,2,best_val_loss,1.98336102886,1.98896420387,1.99850947883
116,concrete,baseline,3,best_val_loss,2.09425080002,2.22979217857,2.3522956602
117,concrete,baseline,4,best_val_loss,1.74023333587,1.81954130221,inf
118,concrete,baseline,8,best_val_loss,2.19333596725,2.27209948468,2.30279365458
119,concrete,baseline,20,best_val_loss,1.97436420072,2.0423261745,2.04990075224
120,concrete,planarflowdet,1,best_val_loss,1.38484837522,1.40777469348,1.52068724273
121,concrete,planarflowdet,2,best_val_loss,1.01701891089,1.11554045728,1.1291750672
122,concrete,planarflowdet,3,best_val_loss,1.36381063154,2.04635572536,2.09486271028
123,concrete,planarflowdet,4,best_val_loss,3.98976192679,5.23338591326,inf
124,concrete,planarflowdet,8,best_val_loss,1.45221524256,2.23547335936,2.57847010021
125,concrete,planarflowdet,20,best_val_loss,2.08454100906,2.13536754321,2.31920992944
126,concrete,baselinedetplus,1,best_val_loss,-0.0477794421616,0.0822959920411,0.168212285606
127,concrete,baselinedetplus,2,best_val_loss,-0.0491121353642,0.102299280064,0.123296604362
128,concrete,baselinedetplus,3,best_val_loss,0.17581851508,0.188712766094,0.206830814321
129,concrete,baselinedetplus,4,best_val_loss,0.552188340054,0.655671027399,0.775675455729
130,concrete,baselinedetplus,8,best_val_loss,0.491037553357,0.746574812038,0.884470703781
131,concrete,baselinedetplus,20,best_val_loss,0.911936277984,1.35805511475,1.36082343645
132,concrete,radialflowdet,1,best_val_loss,0.17556977945,0.176457928842,0.225089268018
133,concrete,radialflowdet,2,best_val_loss,0.249578824607,0.343127696745,0.374313087874
134,concrete,radialflowdet,3,best_val_loss,0.19324380608,0.278702985429,0.798943218108
135,concrete,radialflowdet,4,best_val_loss,0.415910939589,inf,inf
136,concrete,radialflowdet,8,best_val_loss,0.301163000018,0.342301775478,0.398504858803
137,concrete,radialflowdet,20,best_val_loss,inf,inf,inf
138,concrete,baselineplus,1,best_val_loss,1.9451326213,1.97879148641,3.58436008576
139,concrete,baselineplus,2,best_val_loss,3.90558704663,4.00176764047,4.05494609546
140,concrete,baselineplus,3,best_val_loss,3.99851932321,4.01137395059,4.06433808248
141,concrete,baselineplus,4,best_val_loss,4.16561118505,4.46380738289,inf
142,concrete,baselineplus,8,best_val_loss,5.10881163894,6.59819458992,7.81829341765
143,concrete,baselineplus,20,best_val_loss,6.00651197536,6.85333238827,30.4536750711
144,concrete,planarflow,1,best_val_loss,2.57819935788,2.62430273897,2.64240378923
145,concrete,planarflow,2,best_val_loss,1.90490650464,2.29013198251,2.48333494125
146,concrete,planarflow,3,best_val_loss,2.41770264,2.54755570607,2.71748719574
147,concrete,planarflow,4,best_val_loss,3.40342892883,3.4248509014,inf
148,concrete,planarflow,8,best_val_loss,3.2392384847,3.7565603769,3.96174605175
149,concrete,planarflow,20,best_val_loss,inf,inf,inf
150,concrete,baselinedet,1,best_val_loss,0.06632115764,0.0717455904971,0.0782346674191
151,concrete,baselinedet,2,best_val_loss,0.0439126568456,0.0901180390389,0.0924393643615
152,concrete,baselinedet,3,best_val_loss,0.000717840848431,0.0427777126271,0.060096053667
153,concrete,baselinedet,4,best_val_loss,0.186704512565,0.226664635443,0.292606251214
154,concrete,baselinedet,8,best_val_loss,-0.0186656764759,0.0183071051874,0.0627826926529
155,concrete,baselinedet,20,best_val_loss,0.0734045838797,0.116906637787,0.156459039257
156,concrete,radialflow,1,best_val_loss,12.1695703364,13.0305325355,13.259788991
157,concrete,radialflow,2,best_val_loss,10.1592799576,15.237289557,18.5703338726
158,concrete,radialflow,3,best_val_loss,38.7370904292,40.8551981146,88.5045304636
159,concrete,radialflow,4,best_val_loss,285.035875612,303.485632793,inf
160,concrete,radialflow,8,best_val_loss,3.18203041699,3.18886735877,4.09687503307
161,concrete,radialflow,20,best_val_loss,inf,inf,inf
162,concrete,mixture,1,val_error_rate,7.88011026382,11.1212511063,11.7103662491
163,concrete,mixture,2,val_error_rate,10.0407381058,10.3324556351,10.8631439209
164,concrete,mixture,3,val_error_rate,7.35348701477,7.55009508133,7.96798610687
165,concrete,mixture,4,val_error_rate,15.607673645,16.5537700653,inf
166,concrete,mixture,8,val_error_rate,13.0653953552,16.1206741333,18.1036548615
167,concrete,mixture,20,val_error_rate,8.86637592316,9.24278354645,9.55967521667
168,concrete,baseline,1,val_error_rate,7.27663946152,7.29133081436,7.6228055954
169,concrete,baseline,2,val_error_rate,7.19973421097,7.46021270752,8.62586402893
170,concrete,baseline,3,val_error_rate,7.12421798706,7.14475822449,7.59449148178
171,concrete,baseline,4,val_error_rate,16.8864212036,17.9177494049,inf
172,concrete,baseline,8,val_error_rate,6.86926031113,10.408946991,11.9527845383
173,concrete,baseline,20,val_error_rate,6.85557985306,6.85793542862,12.1963567734
174,concrete,planarflowdet,1,val_error_rate,5.27206516266,5.54213285446,6.13231134415
175,concrete,planarflowdet,2,val_error_rate,6.1698012352,6.52554225922,6.64081048965
176,concrete,planarflowdet,3,val_error_rate,4.72599411011,5.83028078079,7.29058837891
177,concrete,planarflowdet,4,val_error_rate,8.72340869904,18.0934238434,inf
178,concrete,planarflowdet,8,val_error_rate,11.1331758499,17.9588356018,19.2868614197
179,concrete,planarflowdet,20,val_error_rate,17.0767650604,17.2865695953,17.2959270477
180,concrete,baselinedetplus,1,val_error_rate,3.82793784142,4.32263660431,4.51795959473
181,concrete,baselinedetplus,2,val_error_rate,4.07049894333,4.53502893448,4.55567646027
182,concrete,baselinedetplus,3,val_error_rate,4.83698272705,4.97099685669,5.14286279678
183,concrete,baselinedetplus,4,val_error_rate,7.02625608444,8.52129936218,inf
184,concrete,baselinedetplus,8,val_error_rate,6.62956190109,6.8810300827,8.44159126282
185,concrete,baselinedetplus,20,val_error_rate,12.6411600113,16.0050239563,17.3494415283
186,concrete,radialflowdet,1,val_error_rate,4.29987239838,4.31778717041,4.431163311
187,concrete,radialflowdet,2,val_error_rate,4.37346220016,4.40948629379,4.41612005234
188,concrete,radialflowdet,3,val_error_rate,4.09136390686,4.32997274399,4.41323661804
189,concrete,radialflowdet,4,val_error_rate,4.61131048203,inf,inf
190,concrete,radialflowdet,8,val_error_rate,4.531062603,4.57608222961,4.85629463196
191,concrete,radialflowdet,20,val_error_rate,inf,inf,inf
192,concrete,baselineplus,1,val_error_rate,7.0901594162,14.3921413422,15.6587352753
193,concrete,baselineplus,2,val_error_rate,9.33475875854,9.43776130676,10.2605619431
194,concrete,baselineplus,3,val_error_rate,9.29013633728,9.79453849792,10.214307785
195,concrete,baselineplus,4,val_error_rate,16.099319458,16.4405345917,inf
196,concrete,baselineplus,8,val_error_rate,16.9665546417,17.1248397827,17.18176651
197,concrete,baselineplus,20,val_error_rate,11.8388748169,11.8703737259,12.0090847015
198,concrete,planarflow,1,val_error_rate,7.02176952362,7.29287004471,7.30048894882
199,concrete,planarflow,2,val_error_rate,6.93158483505,7.42306470871,7.86357402802
200,concrete,planarflow,3,val_error_rate,6.68681669235,7.22495174408,7.26622343063
201,concrete,planarflow,4,val_error_rate,15.1283740997,15.4595251083,inf
202,concrete,planarflow,8,val_error_rate,8.87349510193,9.92530918121,10.7614440918
203,concrete,planarflow,20,val_error_rate,inf,inf,inf
204,concrete,baselinedet,1,val_error_rate,4.19321393967,4.3085603714,4.49786138535
205,concrete,baselinedet,2,val_error_rate,4.42222452164,4.50289344788,4.58711147308
206,concrete,baselinedet,3,val_error_rate,4.07477474213,4.2156085968,4.23207569122
207,concrete,baselinedet,4,val_error_rate,5.11534976959,5.56688642502,inf
208,concrete,baselinedet,8,val_error_rate,4.05184602737,4.2527256012,4.3566532135
209,concrete,baselinedet,20,val_error_rate,4.15916490555,4.51560306549,4.54417228699
210,concrete,radialflow,1,val_error_rate,19.6764431,21.5466766357,26.5890960693
211,concrete,radialflow,2,val_error_rate,18.9317054749,20.7704906464,21.9372596741
212,concrete,radialflow,3,val_error_rate,21.958442688,30.9051837921,31.1243896484
213,concrete,radialflow,4,val_error_rate,22.3643760681,29.661491394,inf
214,concrete,radialflow,8,val_error_rate,8.95202350616,9.12209415436,14.2570829391
215,concrete,radialflow,20,val_error_rate,inf,inf,inf
216,energy,mixture,1,best_val_loss,2.06415432124,2.33179328555,2.42353639149
217,energy,mixture,2,best_val_loss,2.25341471717,2.2775848752,2.36943810054
218,energy,mixture,3,best_val_loss,3.56621800099,3.9483891855,4.30458756038
219,energy,mixture,4,best_val_loss,2.70995962052,2.96682971319,3.2431850615
220,energy,mixture,8,best_val_loss,2.85655357724,2.99770885468,3.0426064573
221,energy,mixture,20,best_val_loss,10.3654205758,102.93327192,139.52650626
222,energy,baseline,1,best_val_loss,1.77309741066,2.32835391817,2.47049097788
223,energy,baseline,2,best_val_loss,2.03289291382,2.06227348328,2.07718490601
224,energy,baseline,3,best_val_loss,1.75084439959,2.17666625977,2.1945375279
225,energy,baseline,4,best_val_loss,3.14806590761,3.21250560851,3.29876148769
226,energy,baseline,8,best_val_loss,1.70836219788,1.9707245745,2.02248255048
227,energy,baseline,20,best_val_loss,1.6851928166,1.77762083871,4.09925803048
228,energy,planarflowdet,1,best_val_loss,0.955404454186,0.9919508162,1.06835124152
229,energy,planarflowdet,2,best_val_loss,0.624296210153,0.654739014762,0.69889152033
230,energy,planarflowdet,3,best_val_loss,0.650120249816,1.10916787284,1.18630677496
231,energy,planarflowdet,4,best_val_loss,0.957021631513,1.03645301092,1.05549024627
232,energy,planarflowdet,8,best_val_loss,0.769702441692,0.814967474256,0.909044401986
233,energy,planarflowdet,20,best_val_loss,2242.1714502,2264.16723005,3929.24384487
234,energy,baselinedetplus,1,best_val_loss,-1.69903335571,-1.53316247123,-1.51201139178
235,energy,baselinedetplus,2,best_val_loss,-1.23644757952,-1.12440992083,-1.12381559099
236,energy,baselinedetplus,3,best_val_loss,-1.14568034581,-1.08379690988,-1.02732445853
237,energy,baselinedetplus,4,best_val_loss,-0.894910267421,-0.755010005406,-0.111967577253
238,energy,baselinedetplus,8,best_val_loss,0.835103661673,0.884685407366,0.88853994097
239,energy,baselinedetplus,20,best_val_loss,1.78731961932,2.27309548514,10.3113438198
240,energy,radialflowdet,1,best_val_loss,-0.949951244536,-0.949013882592,-0.762152717227
241,energy,radialflowdet,2,best_val_loss,-1.57457700457,-1.56445374262,-1.46642317999
242,energy,radialflowdet,3,best_val_loss,-1.33606247675,-1.25545479911,-1.25196057274
243,energy,radialflowdet,4,best_val_loss,-1.01245180402,-0.973955993652,-0.919701374599
244,energy,radialflowdet,8,best_val_loss,-1.30843654088,-1.19636121477,-1.17838657924
245,energy,radialflowdet,20,best_val_loss,12380.7066964,7408.78035714,6521.12053571
246,energy,baselineplus,1,best_val_loss,2.28767206101,3.42262420654,3.57276466006
247,energy,baselineplus,2,best_val_loss,4.26594464983,4.26633242653,4.33463766915
248,energy,baselineplus,3,best_val_loss,3.80876101539,3.88172586714,4.27627447946
249,energy,baselineplus,4,best_val_loss,6.08317343576,8.0554637037,8.26088140578
250,energy,baselineplus,8,best_val_loss,4.08141529628,4.80912775312,5.57874814715
251,energy,baselineplus,20,best_val_loss,8.24776774815,8.34628996713,8.70053693499
252,energy,planarflow,1,best_val_loss,2.521228209,2.54480162121,2.81022703534
253,energy,planarflow,2,best_val_loss,2.56456728254,2.65752384186,2.71198919024
254,energy,planarflow,3,best_val_loss,2.10325654166,2.44563054455,2.46051404204
255,energy,planarflow,4,best_val_loss,3.70794441132,3.76169720604,3.92618760608
256,energy,planarflow,8,best_val_loss,3.15439547584,3.3463186855,3.37693947928
257,energy,planarflow,20,best_val_loss,,,
258,energy,baselinedet,1,best_val_loss,-1.66573791504,-1.62317679269,-1.61057107108
259,energy,baselinedet,2,best_val_loss,-1.25237186977,-1.16831795829,-1.1612071446
260,energy,baselinedet,3,best_val_loss,-1.20396347046,-1.18092814854,-1.15447540283
261,energy,baselinedet,4,best_val_loss,-0.648490360805,-0.317679405212,-0.315325845991
262,energy,baselinedet,8,best_val_loss,-1.38258863177,-1.37051696777,-1.30634602138
263,energy,baselinedet,20,best_val_loss,-1.0671875,-0.961488778251,-0.910840170724
264,energy,radialflow,1,best_val_loss,49.4091115195,51.0025214524,55.1999204009
265,energy,radialflow,2,best_val_loss,14.7237468466,15.3621032236,15.7369311176
266,energy,radialflow,3,best_val_loss,5.89357052806,6.73134121693,8.77235267366
267,energy,radialflow,4,best_val_loss,5.8983028762,13.0754026786,18.924119847
268,energy,radialflow,8,best_val_loss,2.02077915544,2.04055201995,2.2876148752
269,energy,radialflow,20,best_val_loss,inf,inf,inf
270,energy,mixture,1,val_error_rate,2.75634479523,2.89111280441,3.0038523674
271,energy,mixture,2,val_error_rate,2.49243974686,2.52460360527,2.63344693184
272,energy,mixture,3,val_error_rate,2.38246297836,2.55892181396,2.63103270531
273,energy,mixture,4,val_error_rate,2.64856147766,3.11543774605,3.15145301819
274,energy,mixture,8,val_error_rate,2.37343716621,2.88193225861,3.63245797157
275,energy,mixture,20,val_error_rate,10.287279129,14.1035413742,15.1149988174
276,energy,baseline,1,val_error_rate,2.78212380409,2.88511323929,3.05556130409
277,energy,baseline,2,val_error_rate,2.3149766922,2.35753941536,2.38471841812
278,energy,baseline,3,val_error_rate,2.45500254631,2.56310963631,2.58168506622
279,energy,baseline,4,val_error_rate,2.26536250114,2.43191003799,2.69891762733
280,energy,baseline,8,val_error_rate,2.36155605316,2.62293243408,2.651658535
281,energy,baseline,20,val_error_rate,6.63510131836,9.47188282013,9.55018615723
282,energy,planarflowdet,1,val_error_rate,0.793780148029,1.11285960674,1.57374620438
283,energy,planarflowdet,2,val_error_rate,0.96217828989,1.23398530483,1.56503856182
284,energy,planarflowdet,3,val_error_rate,2.16163539886,2.40227031708,2.60569381714
285,energy,planarflowdet,4,val_error_rate,2.80773901939,2.85859203339,2.96597599983
286,energy,planarflowdet,8,val_error_rate,5.01819705963,9.07446670532,13.2731657028
287,energy,planarflowdet,20,val_error_rate,117.697624207,286.045898438,1111.85583496
288,energy,baselinedetplus,1,val_error_rate,0.439850360155,0.494063943624,0.510937392712
289,energy,baselinedetplus,2,val_error_rate,0.667534887791,0.700220763683,0.779455959797
290,energy,baselinedetplus,3,val_error_rate,0.765361845493,0.775500893593,0.845627069473
291,energy,baselinedetplus,4,val_error_rate,1.06210482121,1.18857288361,2.19383358955
292,energy,baselinedetplus,8,val_error_rate,5.15862226486,5.67635250092,5.7010178566
293,energy,baselinedetplus,20,val_error_rate,10.2353258133,10.4356422424,23.6045970917
294,energy,radialflowdet,1,val_error_rate,0.612055838108,0.621614217758,0.6442720294
295,energy,radialflowdet,2,val_error_rate,0.456475108862,0.480684906244,0.487097084522
296,energy,radialflowdet,3,val_error_rate,0.521435618401,0.534436762333,0.550038695335
297,energy,radialflowdet,4,val_error_rate,0.590421378613,0.592830896378,0.598878264427
298,energy,radialflowdet,8,val_error_rate,0.591152489185,0.591790139675,0.592890739441
299,energy,radialflowdet,20,val_error_rate,inf,inf,inf
300,energy,baselineplus,1,val_error_rate,2.97580575943,3.0693321228,3.11653709412
301,energy,baselineplus,2,val_error_rate,2.37011742592,2.67683386803,3.73549795151
302,energy,baselineplus,3,val_error_rate,3.4311299324,3.47484827042,3.63246154785
303,energy,baselineplus,4,val_error_rate,2.32884097099,6.85427618027,7.54257249832
304,energy,baselineplus,8,val_error_rate,9.40450000763,9.58828544617,10.3128757477
305,energy,baselineplus,20,val_error_rate,9.51058864594,10.2259206772,10.8649921417
306,energy,planarflow,1,val_error_rate,2.87501144409,2.96548700333,2.97188282013
307,energy,planarflow,2,val_error_rate,2.43255734444,2.52098464966,2.70852971077
308,energy,planarflow,3,val_error_rate,2.32966756821,2.37902665138,2.4065747261
309,energy,planarflow,4,val_error_rate,2.3181874752,2.43704485893,2.44947171211
310,energy,planarflow,8,val_error_rate,2.36324477196,2.54454684258,2.76429009438
311,energy,planarflow,20,val_error_rate,inf,inf,inf
312,energy,baselinedet,1,val_error_rate,0.482999145985,0.50220656395,0.568565487862
313,energy,baselinedet,2,val_error_rate,0.631696522236,0.6874563694,0.729858636856
314,energy,baselinedet,3,val_error_rate,0.664392709732,0.691314399242,0.76825594902
315,energy,baselinedet,4,val_error_rate,1.05830097198,1.23673355579,1.87657308578
316,energy,baselinedet,8,val_error_rate,0.608076334,0.618913114071,0.624722659588
317,energy,baselinedet,20,val_error_rate,0.778778970242,0.822931408882,0.971434891224
318,energy,radialflow,1,val_error_rate,16.0572719574,21.1540756226,21.1759967804
319,energy,radialflow,2,val_error_rate,13.4833106995,15.0743303299,15.160741806
320,energy,radialflow,3,val_error_rate,9.59667873383,9.82115745544,11.8927669525
321,energy,radialflow,4,val_error_rate,10.4964332581,11.7652730942,12.5822134018
322,energy,radialflow,8,val_error_rate,3.34252285957,3.59416556358,3.73069405556
323,energy,radialflow,20,val_error_rate,inf,inf,inf
324,kin8nm,mixture,8,best_val_loss,1.76478425313,1.77234624847,1.81626654731
325,kin8nm,mixture,1,best_val_loss,4.4840981088,8.82092456077,9.64833792503
326,kin8nm,mixture,2,best_val_loss,1.35583759504,1.44426856312,1.46085422175
327,kin8nm,mixture,3,best_val_loss,3.28164609446,3.74460285466,3.85249509734
328,kin8nm,mixture,4,best_val_loss,1.98635955232,5.53903859043,5.65121511237
329,kin8nm,baseline,8,best_val_loss,1.54942459065,1.59842133974,1.61792404464
330,kin8nm,baseline,1,best_val_loss,3.49393193659,4.84587564443,5.52597732337
331,kin8nm,baseline,2,best_val_loss,1.43363053237,1.45049646476,1.48722774847
332,kin8nm,baseline,3,best_val_loss,2.70257750307,2.8679460286,2.98574727101
333,kin8nm,baseline,4,best_val_loss,1.8354970627,6.97299745968,7.37319779642
334,kin8nm,planarflowdet,8,best_val_loss,0.985720060188,1.03863704581,1.05031310498
335,kin8nm,planarflowdet,1,best_val_loss,1.79437415753,1.88382177172,1.96314606843
336,kin8nm,planarflowdet,2,best_val_loss,0.684156526395,0.695413191467,0.752120496135
337,kin8nm,planarflowdet,3,best_val_loss,2.70558289181,2.71792929218,2.86754364868
338,kin8nm,planarflowdet,4,best_val_loss,0.975854612108,1.045996958,1.04783950847
339,kin8nm,baselinedetplus,8,best_val_loss,0.122331179901,0.139355346762,0.159615038533
340,kin8nm,baselinedetplus,1,best_val_loss,0.160152476654,0.167572621084,0.168339602669
341,kin8nm,baselinedetplus,2,best_val_loss,0.188094038304,0.210675309344,0.216173352911
342,kin8nm,baselinedetplus,3,best_val_loss,0.16111515531,0.180267561419,0.191538037969
343,kin8nm,baselinedetplus,4,best_val_loss,0.128586239285,0.130548823494,0.165270528819
344,kin8nm,radialflowdet,8,best_val_loss,0.215132398528,0.247595161086,0.279554605872
345,kin8nm,radialflowdet,1,best_val_loss,1.74405990642,1.77618058574,1.78977269532
346,kin8nm,radialflowdet,2,best_val_loss,0.224555367571,0.247694256377,0.283275544288
347,kin8nm,radialflowdet,3,best_val_loss,1.8421972976,1.9148249708,1.97555980321
348,kin8nm,radialflowdet,4,best_val_loss,0.773556801814,0.810258109654,0.823759323989
349,kin8nm,baselineplus,8,best_val_loss,6.40231483687,6.43598952048,6.48578347307
350,kin8nm,baselineplus,1,best_val_loss,11.4921551905,19.0583408979,20.100179643
351,kin8nm,baselineplus,2,best_val_loss,2.71822801295,2.77841924238,2.80398664604
352,kin8nm,baselineplus,3,best_val_loss,10.4136583447,10.4851194414,10.7690423071
353,kin8nm,baselineplus,4,best_val_loss,6.91505513454,14.6489461594,14.6592400279
354,kin8nm,planarflow,8,best_val_loss,2.41360562539,2.42904501401,2.54031601572
355,kin8nm,planarflow,1,best_val_loss,2.69077274147,3.13052370921,3.3720998652
356,kin8nm,planarflow,2,best_val_loss,1.50076900575,1.61125543279,1.63093730234
357,kin8nm,planarflow,3,best_val_loss,3.63672232279,4.00410410977,4.71915177343
358,kin8nm,planarflow,4,best_val_loss,1.95848732718,10.6783135887,11.1689313522
359,kin8nm,baselinedet,8,best_val_loss,0.191629921518,0.197854618393,0.208990495056
360,kin8nm,baselinedet,1,best_val_loss,0.218344256807,0.227858794091,0.2328289828
361,kin8nm,baselinedet,2,best_val_loss,0.227138508949,0.233020089829,0.259433467214
362,kin8nm,baselinedet,3,best_val_loss,0.207491639507,0.215044491982,0.24477169378
363,kin8nm,baselinedet,4,best_val_loss,0.241393050527,0.242944050611,0.249561485559
364,kin8nm,radialflow,8,best_val_loss,1.84650055289,inf,65392.7896979
365,kin8nm,radialflow,1,best_val_loss,352.708894117,596.580491148,677.353419976
366,kin8nm,radialflow,2,best_val_loss,11.673973949,12.5194337375,257.610593187
367,kin8nm,radialflow,3,best_val_loss,141944.361001,165701.785216,316223.258774
368,kin8nm,radialflow,4,best_val_loss,107.187872768,140.563030307,241.338414492
369,kin8nm,mixture,8,val_error_rate,0.117937549949,0.12040310353,0.133383125067
370,kin8nm,mixture,1,val_error_rate,0.132648184896,0.144290283322,0.148470968008
371,kin8nm,mixture,2,val_error_rate,0.101018801332,0.108884640038,0.112265683711
372,kin8nm,mixture,3,val_error_rate,0.25232860446,0.254019230604,0.255092889071
373,kin8nm,mixture,4,val_error_rate,0.132890492678,0.136568889022,0.137580379844
374,kin8nm,baseline,8,val_error_rate,0.107958137989,0.115429013968,0.119071543217
375,kin8nm,baseline,1,val_error_rate,0.134420722723,0.138811603189,0.139276430011
376,kin8nm,baseline,2,val_error_rate,0.111563511193,0.111842423677,0.113569118083
377,kin8nm,baseline,3,val_error_rate,0.223745524883,0.230870395899,0.238493546844
378,kin8nm,baseline,4,val_error_rate,0.110933691263,0.115881994367,0.117039993405
379,kin8nm,planarflowdet,8,val_error_rate,0.134898662567,0.135244876146,0.135424613953
380,kin8nm,planarflowdet,1,val_error_rate,0.0922058597207,0.0970653519034,0.0972251147032
381,kin8nm,planarflowdet,2,val_error_rate,0.0849212557077,0.0881829410791,0.089434966445
382,kin8nm,planarflowdet,3,val_error_rate,0.129857137799,0.142665892839,0.149646997452
383,kin8nm,planarflowdet,4,val_error_rate,0.112525649369,0.119918175042,0.124533466995
384,kin8nm,baselinedetplus,8,val_error_rate,0.0732005015016,0.0743908286095,0.0756516382098
385,kin8nm,baselinedetplus,1,val_error_rate,0.0742482542992,0.0759198814631,0.0769506692886
386,kin8nm,baselinedetplus,2,val_error_rate,0.081119351089,0.0821477025747,0.0842458978295
387,kin8nm,baselinedetplus,3,val_error_rate,0.075839817524,0.0778044313192,0.0791885480285
388,kin8nm,baselinedetplus,4,val_error_rate,0.0740230083466,0.0741472244263,0.0777341425419
389,kin8nm,radialflowdet,8,val_error_rate,0.0764524415135,0.0796979516745,0.0804231315851
390,kin8nm,radialflowdet,1,val_error_rate,0.0822011381388,0.0841552838683,0.0844281241298
391,kin8nm,radialflowdet,2,val_error_rate,0.0777501761913,0.0779630243778,0.0789329409599
392,kin8nm,radialflowdet,3,val_error_rate,0.080357581377,0.083650842309,0.0876592695713
393,kin8nm,radialflowdet,4,val_error_rate,0.0819047912955,0.0819462612271,0.0834997519851
394,kin8nm,baselineplus,8,val_error_rate,0.117765285075,0.121083654463,0.271006673574
395,kin8nm,baselineplus,1,val_error_rate,0.138378530741,0.141492530704,0.144377201796
396,kin8nm,baselineplus,2,val_error_rate,0.109569124877,0.113058201969,0.115336328745
397,kin8nm,baselineplus,3,val_error_rate,0.250505745411,0.25891572237,0.272340655327
398,kin8nm,baselineplus,4,val_error_rate,0.133896797895,0.14050860703,0.143412709236
399,kin8nm,planarflow,8,val_error_rate,0.122580327094,0.123117409647,0.123569883406
400,kin8nm,planarflow,1,val_error_rate,0.14328545332,0.143794640899,0.150198623538
401,kin8nm,planarflow,2,val_error_rate,0.105101123452,0.11104965955,0.112723655999
402,kin8nm,planarflow,3,val_error_rate,0.247220337391,0.251489520073,0.257325261831
403,kin8nm,planarflow,4,val_error_rate,0.140164971352,0.145571053028,0.146633028984
404,kin8nm,baselinedet,8,val_error_rate,0.0789703279734,0.0797892510891,0.0804363936186
405,kin8nm,baselinedet,1,val_error_rate,0.0808380618691,0.0827950313687,0.0833531692624
406,kin8nm,baselinedet,2,val_error_rate,0.0826634243131,0.0834615528584,0.0839328914881
407,kin8nm,baselinedet,3,val_error_rate,0.0802663192153,0.0806723982096,0.0826329365373
408,kin8nm,baselinedet,4,val_error_rate,0.0828348472714,0.0832427144051,0.0841364264488
409,kin8nm,radialflow,8,val_error_rate,0.198348507285,inf,inf
410,kin8nm,radialflow,1,val_error_rate,0.320622593164,0.44831931591,0.530949234962
411,kin8nm,radialflow,2,val_error_rate,0.327450782061,0.343527048826,0.387553691864
412,kin8nm,radialflow,3,val_error_rate,0.600488126278,0.675913155079,1.20996296406
413,kin8nm,radialflow,4,val_error_rate,0.55312693119,0.789666712284,0.806952953339
414,powerplant,mixture,4,best_val_loss,3.79081507754,3.79881759254,3.80847237595
415,powerplant,mixture,2,best_val_loss,5.74081423259,5.76201448492,6.01890163908
416,powerplant,mixture,3,best_val_loss,3.84358795945,3.85963172057,3.87518086326
417,powerplant,mixture,20,best_val_loss,5.85015264454,3577.03076946,inf
418,powerplant,baseline,4,best_val_loss,3.82888939099,3.86782161893,3.88010287893
419,powerplant,baseline,2,best_val_loss,5.50041143265,5.6919225706,5.78386134172
420,powerplant,baseline,3,best_val_loss,3.84391132069,3.84506610301,3.84667355094
421,powerplant,baseline,20,best_val_loss,4.19090700083,5.95745202911,inf
422,powerplant,planarflowdet,4,best_val_loss,3.59844449096,3.6782165787,3.69145713918
423,powerplant,planarflowdet,2,best_val_loss,3.55366014568,3.57525658368,3.65197149691
424,powerplant,planarflowdet,3,best_val_loss,3.63048369665,3.65066840754,3.67646656199
425,powerplant,planarflowdet,20,best_val_loss,5.75185445268,inf,inf
426,powerplant,baselinedetplus,4,best_val_loss,3.44446962007,3.44689799793,3.44732510241
427,powerplant,baselinedetplus,2,best_val_loss,3.36774857028,3.37158882867,3.37410415685
428,powerplant,baselinedetplus,3,best_val_loss,3.4612538632,3.46335171657,3.47331276737
429,powerplant,baselinedetplus,20,best_val_loss,3.57469853448,4.11062912377,inf
430,powerplant,radialflowdet,4,best_val_loss,3.4706537021,3.47528906672,3.48183111027
431,powerplant,radialflowdet,2,best_val_loss,3.43354786742,3.4366695348,3.44769707228
432,powerplant,radialflowdet,3,best_val_loss,3.7633610111,3.78641612679,3.79175652005
433,powerplant,radialflowdet,20,best_val_loss,inf,21476.8964277,inf
434,powerplant,baselineplus,4,best_val_loss,5.50607108627,5.51605923233,5.55886899826
435,powerplant,baselineplus,2,best_val_loss,9.20347280126,9.86882105191,10.1857036877
436,powerplant,baselineplus,3,best_val_loss,5.42927474563,5.43132511148,5.44290248461
437,powerplant,baselineplus,20,best_val_loss,9.14870129649,16.3832252544,inf
438,powerplant,planarflow,4,best_val_loss,3.90839549431,3.90841279469,3.95163734477
439,powerplant,planarflow,2,best_val_loss,6.3576756453,6.53173601544,6.71546788522
440,powerplant,planarflow,3,best_val_loss,4.00389502718,4.01014327118,4.07181909595
441,powerplant,planarflow,20,best_val_loss,,,inf
442,powerplant,baselinedet,4,best_val_loss,3.43542140598,3.44856506489,3.44896271389
443,powerplant,baselinedet,2,best_val_loss,3.36320279646,3.36327020419,3.365216815
444,powerplant,baselinedet,3,best_val_loss,3.46427559908,3.46726929561,3.48085931835
445,powerplant,baselinedet,20,best_val_loss,3.45616089717,3.45810382604,3.47288452998
446,powerplant,radialflow,4,best_val_loss,323.896726368,1103.52488059,144.008634778
447,powerplant,radialflow,2,best_val_loss,37.0127273106,44.3718993706,68.3346160294
448,powerplant,radialflow,3,best_val_loss,6841.5923178,1888.36227855,594.666472879
449,powerplant,radialflow,20,best_val_loss,inf,inf,inf
450,powerplant,mixture,4,val_error_rate,7.98334169388,8.0717716217,8.28343296051
451,powerplant,mixture,2,val_error_rate,7.92547559738,7.95851802826,8.04508590698
452,powerplant,mixture,3,val_error_rate,8.3217382431,8.39330101013,8.41511821747
453,powerplant,mixture,20,val_error_rate,7.99451589584,9.88940238953,inf
454,powerplant,baseline,4,val_error_rate,8.07608413696,8.10772609711,8.33775806427
455,powerplant,baseline,2,val_error_rate,7.97072839737,8.01712989807,8.03685569763
456,powerplant,baseline,3,val_error_rate,8.34544372559,8.4561290741,8.51048946381
457,powerplant,baseline,20,val_error_rate,8.02225971222,11.5342941284,inf
458,powerplant,planarflowdet,4,val_error_rate,8.270860672,8.42132377625,8.43240737915
459,powerplant,planarflowdet,2,val_error_rate,7.87389993668,7.91986894608,7.97588300705
460,powerplant,planarflowdet,3,val_error_rate,8.37832832336,8.62979698181,8.68793106079
461,powerplant,planarflowdet,20,val_error_rate,20.8784828186,inf,inf
462,powerplant,baselinedetplus,4,val_error_rate,8.24639987946,8.27274799347,8.27515602112
463,powerplant,baselinedetplus,2,val_error_rate,7.82733440399,7.90550088882,7.90930175781
464,powerplant,baselinedetplus,3,val_error_rate,8.20790576935,8.36676979065,8.40945053101
465,powerplant,baselinedetplus,20,val_error_rate,8.17640972137,9.09591293335,inf
466,powerplant,radialflowdet,4,val_error_rate,8.09965991974,8.21563816071,8.43558502197
467,powerplant,radialflowdet,2,val_error_rate,7.77856206894,7.85371255875,7.95271062851
468,powerplant,radialflowdet,3,val_error_rate,8.25756549835,8.33466339111,8.36246871948
469,powerplant,radialflowdet,20,val_error_rate,inf,inf,inf
470,powerplant,baselineplus,4,val_error_rate,8.00462055206,8.13920211792,8.31611919403
471,powerplant,baselineplus,2,val_error_rate,7.93214130402,7.95917463303,8.08620834351
472,powerplant,baselineplus,3,val_error_rate,8.31847381592,8.42766094208,8.50953674316
473,powerplant,baselineplus,20,val_error_rate,8.02779865265,11.4013643265,inf
474,powerplant,planarflow,4,val_error_rate,8.0342092514,8.36154270172,8.3714056015
475,powerplant,planarflow,2,val_error_rate,7.87787628174,8.02562427521,8.03690719604
476,powerplant,planarflow,3,val_error_rate,8.34457874298,8.44217205048,8.46288108826
477,powerplant,planarflow,20,val_error_rate,inf,inf,inf
478,powerplant,baselinedet,4,val_error_rate,8.10194778442,8.16846561432,8.26445007324
479,powerplant,baselinedet,2,val_error_rate,7.81920528412,7.85769319534,7.87990760803
480,powerplant,baselinedet,3,val_error_rate,8.31869697571,8.31955051422,8.32232761383
481,powerplant,baselinedet,20,val_error_rate,7.99765300751,8.01208591461,8.39678668976
482,powerplant,radialflow,4,val_error_rate,inf,inf,inf
483,powerplant,radialflow,2,val_error_rate,11.1730566025,11.1769485474,11.8083467484
484,powerplant,radialflow,3,val_error_rate,inf,inf,inf
485,powerplant,radialflow,20,val_error_rate,inf,inf,inf
486,winered,mixture,1,best_val_loss,2.21378110956,2.3117829782,2.34095043606
487,winered,mixture,2,best_val_loss,2.11454377351,2.14779977445,2.16095735409
488,winered,mixture,3,best_val_loss,3.0868750325,4.85925653246,5.08637993424
489,winered,mixture,4,best_val_loss,2.43099883751,2.5856196792,2.68699200948
490,winered,mixture,8,best_val_loss,2.37700536516,2.55078900302,2.78980906804
491,winered,mixture,20,best_val_loss,56.1419438256,57.9569899453,72.5636512332
492,winered,baseline,1,best_val_loss,2.34972939668,2.35627156717,2.40007552394
493,winered,baseline,2,best_val_loss,1.98546540296,2.01031963914,2.06122295945
494,winered,baseline,3,best_val_loss,2.37308103067,2.49187352922,2.52129226261
495,winered,baseline,4,best_val_loss,2.54272757636,2.60611830817,2.72586617646
496,winered,baseline,8,best_val_loss,2.31133305585,2.31690293771,2.38306165625
497,winered,baseline,20,best_val_loss,2.07055718104,2.08080718782,2.10148394549
498,winered,planarflowdet,1,best_val_loss,1.52457880091,1.5539581864,2.26488018036
499,winered,planarflowdet,2,best_val_loss,1.55295096503,1.67647799739,1.68720393711
500,winered,planarflowdet,3,best_val_loss,2.65298038059,5.13075305797,5.23714037295
501,winered,planarflowdet,4,best_val_loss,1.65763982137,1.68474285691,2.00765468456
502,winered,planarflowdet,8,best_val_loss,2.34388941306,2.50308997543,28.8121214549
503,winered,planarflowdet,20,best_val_loss,2.7942416509,145.029986021,280.18297153
504,winered,baselinedetplus,1,best_val_loss,1.1804538303,1.19670995076,1.20481109619
505,winered,baselinedetplus,2,best_val_loss,1.1783917745,1.18023978339,1.18200874329
506,winered,baselinedetplus,3,best_val_loss,1.18697484334,1.20869774289,1.25518449148
507,winered,baselinedetplus,4,best_val_loss,1.206943406,1.50468190511,1.53505812751
508,winered,baselinedetplus,8,best_val_loss,1.42913118998,1.56580183241,1.58288764954
509,winered,baselinedetplus,20,best_val_loss,1.93916278415,2.06260914273,2.06988334656
510,winered,radialflowdet,1,best_val_loss,1.31048467424,1.32729389049,1.34872355285
511,winered,radialflowdet,2,best_val_loss,1.28173160553,1.36905525349,1.41125195115
512,winered,radialflowdet,3,best_val_loss,1.96745646441,2.19702978487,2.38138283624
513,winered,radialflowdet,4,best_val_loss,1.46919624894,1.52810481743,1.54753681465
514,winered,radialflowdet,8,best_val_loss,1.3699076264,1.51989548295,9.61302103466
515,winered,radialflowdet,20,best_val_loss,15287.203559,1482533.41667,75328.9140625
516,winered,baselineplus,1,best_val_loss,3.60841765227,3.65391618234,3.75310046585
517,winered,baselineplus,2,best_val_loss,4.0259748035,4.143722075,4.14918959582
518,winered,baselineplus,3,best_val_loss,9.86284612726,10.3790452745,11.3025061289
519,winered,baselineplus,4,best_val_loss,9.30326557159,9.37450348889,9.56705298247
520,winered,baselineplus,8,best_val_loss,8.22146910208,8.2804036317,8.79329045614
521,winered,baselineplus,20,best_val_loss,7.4621644338,8.06286493937,8.51777667999
522,winered,planarflow,1,best_val_loss,2.43460443285,2.45732473444,2.47572319596
523,winered,planarflow,2,best_val_loss,2.32130700571,2.41698960905,2.43597772386
524,winered,planarflow,3,best_val_loss,2.42935590391,8.8702760979,19.8118541859
525,winered,planarflow,4,best_val_loss,3.03040903586,3.09200519986,3.11801016772
526,winered,planarflow,8,best_val_loss,3.00334471243,3.15740338078,4.6593173027
527,winered,planarflow,20,best_val_loss,,,
528,winered,baselinedet,1,best_val_loss,1.17050192091,1.18080033196,1.22033129798
529,winered,baselinedet,2,best_val_loss,1.16719108158,1.18142689599,1.19958347744
530,winered,baselinedet,3,best_val_loss,1.16094281938,1.22533755832,1.26141399807
531,winered,baselinedet,4,best_val_loss,1.17813120948,1.203684277,1.2196659512
532,winered,baselinedet,8,best_val_loss,1.19062508477,1.23966227637,1.35803371006
533,winered,baselinedet,20,best_val_loss,1.19136344062,1.25079419878,1.26876438989
534,winered,radialflow,1,best_val_loss,2.29272323036,2.33808642615,2.35282077509
535,winered,radialflow,2,best_val_loss,1.88070817176,1.89072886473,1.92469141296
536,winered,radialflow,3,best_val_loss,3.60229738249,3.74248355485,6.26182652735
537,winered,radialflow,4,best_val_loss,2.45948037759,2.47515246779,2.5230211313
538,winered,radialflow,8,best_val_loss,2.24738821376,2.31541841573,inf
539,winered,radialflow,20,best_val_loss,inf,inf,inf
540,winered,mixture,1,val_error_rate,0.677234172821,0.70260155201,0.719223976135
541,winered,mixture,2,val_error_rate,0.686769545078,0.692817270756,0.696615576744
542,winered,mixture,3,val_error_rate,0.854132354259,0.949352860451,0.975309610367
543,winered,mixture,4,val_error_rate,0.676435053349,0.701979339123,0.70741289854
544,winered,mixture,8,val_error_rate,0.772833526134,0.785613894463,0.812376856804
545,winered,mixture,20,val_error_rate,0.874012410641,0.89712458849,1.5836994648
546,winered,baseline,1,val_error_rate,0.659772396088,0.676379621029,0.701484799385
547,winered,baseline,2,val_error_rate,0.659221112728,0.676681101322,0.677911877632
548,winered,baseline,3,val_error_rate,0.889017105103,0.914843440056,0.919141113758
549,winered,baseline,4,val_error_rate,0.673120200634,0.682111144066,0.702995359898
550,winered,baseline,8,val_error_rate,0.682855129242,0.695018291473,0.705284953117
551,winered,baseline,20,val_error_rate,0.719293951988,0.720835089684,0.735835134983
552,winered,planarflowdet,1,val_error_rate,0.678472399712,0.686082243919,0.689179420471
553,winered,planarflowdet,2,val_error_rate,0.628895521164,0.659001648426,0.661601543427
554,winered,planarflowdet,3,val_error_rate,0.740770995617,0.890291750431,0.89140355587
555,winered,planarflowdet,4,val_error_rate,0.683170616627,0.693280637264,0.700166046619
556,winered,planarflowdet,8,val_error_rate,1.75662696362,4.38388395309,10.1164550781
557,winered,planarflowdet,20,val_error_rate,0.841890513897,5.00134086609,6.09346008301
558,winered,baselinedetplus,1,val_error_rate,0.647739231586,0.655330836773,0.701237857342
559,winered,baselinedetplus,2,val_error_rate,0.636482656002,0.657880663872,0.672473728657
560,winered,baselinedetplus,3,val_error_rate,0.664907932281,0.700392663479,0.719055771828
561,winered,baselinedetplus,4,val_error_rate,0.700054824352,0.886828839779,0.901199877262
562,winered,baselinedetplus,8,val_error_rate,0.828390002251,0.943708896637,0.987027585506
563,winered,baselinedetplus,20,val_error_rate,1.47725892067,1.51077246666,1.6250026226
564,winered,radialflowdet,1,val_error_rate,0.636868953705,0.643069624901,0.660113871098
565,winered,radialflowdet,2,val_error_rate,0.641212642193,0.643796563148,0.650731444359
566,winered,radialflowdet,3,val_error_rate,0.710753560066,0.717530727386,0.726218521595
567,winered,radialflowdet,4,val_error_rate,0.658046901226,0.66758453846,0.684871613979
568,winered,radialflowdet,8,val_error_rate,0.643005013466,0.693384110928,0.744626164436
569,winered,radialflowdet,20,val_error_rate,inf,inf,inf
570,winered,baselineplus,1,val_error_rate,0.859488904476,0.99863743782,1.02542924881
571,winered,baselineplus,2,val_error_rate,0.69976568222,0.72847121954,0.741089165211
572,winered,baselineplus,3,val_error_rate,0.970633149147,0.984278976917,0.994723677635
573,winered,baselineplus,4,val_error_rate,0.781606078148,0.805251777172,0.807804703712
574,winered,baselineplus,8,val_error_rate,2.41910362244,3.25455236435,4.6717133522
575,winered,baselineplus,20,val_error_rate,0.820354104042,0.832453668118,0.847416937351
576,winered,planarflow,1,val_error_rate,0.666873753071,0.668435931206,0.780231654644
577,winered,planarflow,2,val_error_rate,0.659219205379,0.687242388725,0.689197421074
578,winered,planarflow,3,val_error_rate,0.855213582516,1.03000879288,1.11917448044
579,winered,planarflow,4,val_error_rate,0.689444303513,0.69287699461,0.708662331104
580,winered,planarflow,8,val_error_rate,0.732879400253,0.73332709074,0.775448262691
581,winered,planarflow,20,val_error_rate,inf,inf,inf
582,winered,baselinedet,1,val_error_rate,0.671733260155,0.681253910065,0.699387550354
583,winered,baselinedet,2,val_error_rate,0.617900907993,0.642033040524,0.658278644085
584,winered,baselinedet,3,val_error_rate,0.621505856514,0.664954066277,0.679941594601
585,winered,baselinedet,4,val_error_rate,0.662772357464,0.672750532627,0.674728631973
586,winered,baselinedet,8,val_error_rate,0.674291133881,0.697960317135,0.699986457825
587,winered,baselinedet,20,val_error_rate,0.630142211914,0.685624480247,0.703993499279
588,winered,radialflow,1,val_error_rate,0.673567056656,0.69302046299,0.727940738201
589,winered,radialflow,2,val_error_rate,0.645501077175,0.673054635525,0.682235479355
590,winered,radialflow,3,val_error_rate,0.697377681732,0.867588102818,0.873304009438
591,winered,radialflow,4,val_error_rate,0.683196127415,0.683677315712,0.694218337536
592,winered,radialflow,8,val_error_rate,0.660410404205,0.70344555378,inf
593,winered,radialflow,20,val_error_rate,inf,inf,inf
594,yacht,mixture,1,best_val_loss,2.24801892326,2.32298392341,2.43340982142
595,yacht,mixture,2,best_val_loss,2.20293734187,2.26934771311,2.3591831071
596,yacht,mixture,3,best_val_loss,1.52677728165,3.43280987512,3.73889914013
597,yacht,mixture,4,best_val_loss,4.91842833019,5.04824574788,5.15843350547
598,yacht,mixture,8,best_val_loss,4.00988101959,4.10221258799,6.36172962189
599,yacht,mixture,20,best_val_loss,15.90611367,35.2659735907,72.1586203348
600,yacht,baseline,1,best_val_loss,2.46101106916,2.68661925906,2.68974617549
601,yacht,baseline,2,best_val_loss,1.76661350614,1.93452903203,1.96609438033
602,yacht,baseline,3,best_val_loss,1.40883591062,1.50586232685,1.62052277156
603,yacht,baseline,4,best_val_loss,1.87011062077,1.89173017229,1.89814996719
604,yacht,baseline,8,best_val_loss,1.95215102604,1.97343821753,2.09599326906
605,yacht,baseline,20,best_val_loss,2.18395746322,2.19320692335,2.27426052094
606,yacht,planarflowdet,1,best_val_loss,1.50174415679,1.62031684603,1.72697695096
607,yacht,planarflowdet,2,best_val_loss,1.38129806519,1.40764072963,1.550824347
608,yacht,planarflowdet,3,best_val_loss,1.08771195298,1.33533686967,1.55185952073
609,yacht,planarflowdet,4,best_val_loss,0.77797966344,1.05589334738,1.17664359865
610,yacht,planarflowdet,8,best_val_loss,1.4499265807,2.09480916432,6.22562135022
611,yacht,planarflowdet,20,best_val_loss,0.875479698181,2.6578433173,4.77351497468
612,yacht,baselinedetplus,1,best_val_loss,-0.945662021637,-0.924505574363,-0.817733900888
613,yacht,baselinedetplus,2,best_val_loss,-1.68034240178,-1.59577342442,-1.39638505663
614,yacht,baselinedetplus,3,best_val_loss,-0.442703655788,-0.402438265937,-0.356435503278
615,yacht,baselinedetplus,4,best_val_loss,-0.398521184921,-0.315703289849,-0.291688748768
616,yacht,baselinedetplus,8,best_val_loss,-0.0190850219556,0.136305723872,0.210309743881
617,yacht,baselinedetplus,20,best_val_loss,0.458638974598,0.478343895503,0.601694379534
618,yacht,radialflowdet,1,best_val_loss,-1.34830910819,-0.804838003431,-0.803004446484
619,yacht,radialflowdet,2,best_val_loss,-1.02597327459,-1.0244839532,-0.87006795974
620,yacht,radialflowdet,3,best_val_loss,-0.965904644557,-0.358534835634,-0.330849125272
621,yacht,radialflowdet,4,best_val_loss,-0.867352167765,-0.866279919942,-0.562462397984
622,yacht,radialflowdet,8,best_val_loss,-1.44876080922,-1.1324940636,-0.840682356698
623,yacht,radialflowdet,20,best_val_loss,5527.85365513,38304.0332031,10604.5287388
624,yacht,baselineplus,1,best_val_loss,3.36853940146,3.44343403408,3.58212507339
625,yacht,baselineplus,2,best_val_loss,2.66583844594,2.6758959634,3.42759940738
626,yacht,baselineplus,3,best_val_loss,2.67928514026,2.76489830017,2.77445815858
627,yacht,baselineplus,4,best_val_loss,5.15541093009,5.19689628056,5.28254162925
628,yacht,baselineplus,8,best_val_loss,10.1918673742,10.2385347003,10.8478295462
629,yacht,baselineplus,20,best_val_loss,4.95103091285,5.0905263492,5.6618224144
630,yacht,planarflow,1,best_val_loss,2.67770317623,2.80406534104,2.82302502223
631,yacht,planarflow,2,best_val_loss,2.63254020328,2.70223880949,2.84765956515
632,yacht,planarflow,3,best_val_loss,4.06576719738,4.13783759163,4.77152974265
633,yacht,planarflow,4,best_val_loss,2.45972475324,2.6888168335,4.95680513836
634,yacht,planarflow,8,best_val_loss,3.64585876465,3.88626820701,7.38824147156
635,yacht,planarflow,20,best_val_loss,,,
636,yacht,baselinedet,1,best_val_loss,-1.06917585645,-0.949110167367,-0.896765232086
637,yacht,baselinedet,2,best_val_loss,-1.46816757747,-1.3991564342,-1.28070708684
638,yacht,baselinedet,3,best_val_loss,-1.37376689911,-1.2968353544,-1.25685432979
639,yacht,baselinedet,4,best_val_loss,-1.53511265346,-1.48074517931,-1.40568242754
640,yacht,baselinedet,8,best_val_loss,-1.53299263545,-1.52398681641,-1.22596114022
641,yacht,baselinedet,20,best_val_loss,-0.907295703888,-0.843495368958,-0.502090420042
642,yacht,radialflow,1,best_val_loss,13.1307160954,17.2942381796,19.1625340887
643,yacht,radialflow,2,best_val_loss,7.90024301034,7.92412028208,8.44650485052
644,yacht,radialflow,3,best_val_loss,8.17480241567,8.90568641477,9.17446201857
645,yacht,radialflow,4,best_val_loss,23.5634443837,25.6002013219,26.0740245566
646,yacht,radialflow,8,best_val_loss,3.07270203323,3.10802876892,3.24060176618
647,yacht,radialflow,20,best_val_loss,inf,inf,inf
648,yacht,mixture,1,val_error_rate,6.39165687561,6.47389888763,6.67227077484
649,yacht,mixture,2,val_error_rate,10.0707731247,12.2033634186,12.6918563843
650,yacht,mixture,3,val_error_rate,9.21219921112,11.9094314575,12.6189022064
651,yacht,mixture,4,val_error_rate,6.45049095154,7.22275590897,7.90008592606
652,yacht,mixture,8,val_error_rate,8.23664188385,8.46511268616,10.9996976852
653,yacht,mixture,20,val_error_rate,11.4500732422,12.7592258453,14.4565000534
654,yacht,baseline,1,val_error_rate,4.66664934158,5.06017255783,5.99633789062
655,yacht,baseline,2,val_error_rate,7.64846801758,8.9471654892,9.14459609985
656,yacht,baseline,3,val_error_rate,7.25957918167,10.9470386505,11.6773796082
657,yacht,baseline,4,val_error_rate,5.80183124542,6.68453073502,7.04634046555
658,yacht,baseline,8,val_error_rate,6.09430551529,7.81342029572,7.86197805405
659,yacht,baseline,20,val_error_rate,7.41379451752,9.05225753784,10.246008873
660,yacht,planarflowdet,1,val_error_rate,1.2531195879,1.36320054531,1.45038497448
661,yacht,planarflowdet,2,val_error_rate,3.82091736794,4.70074081421,6.10186862946
662,yacht,planarflowdet,3,val_error_rate,2.329641819,2.53928399086,3.01540732384
663,yacht,planarflowdet,4,val_error_rate,1.9232596159,2.19375491142,3.0079369545
664,yacht,planarflowdet,8,val_error_rate,16.7475452423,24.8374423981,30.4840755463
665,yacht,planarflowdet,20,val_error_rate,3.22716999054,4.07043027878,20.1880016327
666,yacht,baselinedetplus,1,val_error_rate,1.38135492802,1.50498473644,1.6483553648
667,yacht,baselinedetplus,2,val_error_rate,0.612335145473,0.799723029137,0.804424464703
668,yacht,baselinedetplus,3,val_error_rate,1.77103245258,2.03439998627,2.49543881416
669,yacht,baselinedetplus,4,val_error_rate,2.23205471039,2.36154842377,2.46797037125
670,yacht,baselinedetplus,8,val_error_rate,3.41472458839,4.32645225525,4.48663806915
671,yacht,baselinedetplus,20,val_error_rate,5.85907077789,6.15002918243,6.51425457001
672,yacht,radialflowdet,1,val_error_rate,0.626028299332,0.769744932652,0.852677464485
673,yacht,radialflowdet,2,val_error_rate,0.718891561031,0.804407775402,0.80508261919
674,yacht,radialflowdet,3,val_error_rate,0.732531011105,0.819423317909,0.83021479845
675,yacht,radialflowdet,4,val_error_rate,0.550539672375,0.772153139114,0.808049798012
676,yacht,radialflowdet,8,val_error_rate,0.531363606453,0.784478783607,0.803814589977
677,yacht,radialflowdet,20,val_error_rate,inf,inf,inf
678,yacht,baselineplus,1,val_error_rate,5.29113674164,5.31883144379,6.99631547928
679,yacht,baselineplus,2,val_error_rate,12.407336235,12.5344200134,12.7251911163
680,yacht,baselineplus,3,val_error_rate,9.21589374542,13.8995866776,14.1674804688
681,yacht,baselineplus,4,val_error_rate,11.2869415283,12.6685409546,13.0576152802
682,yacht,baselineplus,8,val_error_rate,12.4558486938,12.7857570648,12.8853473663
683,yacht,baselineplus,20,val_error_rate,12.8853206635,13.7068443298,14.0279874802
684,yacht,planarflow,1,val_error_rate,4.04813241959,5.57975482941,5.61877059937
685,yacht,planarflow,2,val_error_rate,8.22481822968,10.0737438202,10.9539422989
686,yacht,planarflow,3,val_error_rate,12.4890804291,15.0342531204,15.3717575073
687,yacht,planarflow,4,val_error_rate,5.96982812881,6.27329683304,6.60498905182
688,yacht,planarflow,8,val_error_rate,6.05672264099,6.32553291321,6.71244096756
689,yacht,planarflow,20,val_error_rate,inf,inf,inf
690,yacht,baselinedet,1,val_error_rate,1.34479963779,1.4297195673,1.47440600395
691,yacht,baselinedet,2,val_error_rate,0.889364778996,0.94096827507,0.975734531879
692,yacht,baselinedet,3,val_error_rate,0.957569658756,1.02800917625,1.02846086025
693,yacht,baselinedet,4,val_error_rate,0.82881039381,0.868281364441,0.998023271561
694,yacht,baselinedet,8,val_error_rate,0.739195644855,0.786086082458,0.990093171597
695,yacht,baselinedet,20,val_error_rate,1.46768820286,1.5266699791,1.59004604816
696,yacht,radialflow,1,val_error_rate,21.4961948395,21.8072547913,22.5741519928
697,yacht,radialflow,2,val_error_rate,11.4846277237,13.5458068848,15.8345603943
698,yacht,radialflow,3,val_error_rate,14.1076517105,14.6972856522,15.9000968933
699,yacht,radialflow,4,val_error_rate,12.5991764069,16.3051548004,17.0251674652
700,yacht,radialflow,8,val_error_rate,7.9753818512,9.13659858704,10.8658008575
701,yacht,radialflow,20,val_error_rate,inf,inf,inf
