,best_epoch_mean,best_epoch_std,best_test_loss_mean,best_test_loss_std,datasetname,model,n_normflows,percent,test_error_rate_mean,test_error_rate_std,test_measures
0,69.6,112.304229662,361.209632898,209.45125492,boston,mixture,1,0.25,inf,,best_val_loss
1,65.6,95.0759696243,726.285842297,1129.03357329,boston,mixture,2,0.25,inf,,best_val_loss
2,71.8,104.719434681,181.426480035,56.7307506826,boston,mixture,3,0.25,inf,,best_val_loss
3,65.1,84.6752029817,23.5284679438,59.4315813304,boston,mixture,4,0.25,inf,,best_val_loss
4,63.8,65.9163105764,125.021153815,330.216898096,boston,mixture,8,0.25,inf,,best_val_loss
5,45.1,40.9840212766,208.03020952,321.875582045,boston,mixture,20,0.25,inf,,best_val_loss
6,97.0,180.590697435,2.86086670371,0.242564548083,boston,mixture,1,0.5,inf,,best_val_loss
7,46.6,78.9204662936,65.086194294,39.0339770375,boston,mixture,2,0.5,inf,,best_val_loss
8,61.8,67.7330052485,640.80126802,877.979522171,boston,mixture,3,0.5,inf,,best_val_loss
9,116.5,204.263677633,6.73951694763,8.52271200116,boston,mixture,4,0.5,inf,,best_val_loss
10,56.3,77.3886942647,356.865803126,121.350684174,boston,mixture,8,0.5,inf,,best_val_loss
11,78.8,106.415976244,78.7079929564,140.506888578,boston,mixture,20,0.5,55.1156900406,51.1207412165,best_val_loss
12,79.3,114.422943503,4.02904551138,1.00901961649,boston,mixture,1,1.0,inf,,best_val_loss
13,88.0,140.773577066,2.90600000269,0.368154321952,boston,mixture,2,1.0,inf,,best_val_loss
14,39.9,59.6027683921,31.7985264597,13.3926317616,boston,mixture,3,1.0,inf,,best_val_loss
15,39.4,54.1575479504,112.638883055,23.4096321248,boston,mixture,4,1.0,inf,,best_val_loss
16,56.3,54.7339930939,14.0872048222,4.95115676233,boston,mixture,8,1.0,inf,,best_val_loss
17,63.2,58.3091759503,107.27194254,150.690175405,boston,mixture,20,1.0,77.0717580795,50.5195888322,best_val_loss
18,42.1,93.1659272481,360.175051376,177.545496591,boston,baseline,1,0.25,inf,,best_val_loss
19,49.3,105.440077769,324.280535771,136.823977042,boston,baseline,2,0.25,10.1365582943,1.94146464328,best_val_loss
20,45.9,97.7777582071,68.0970017153,28.2668270166,boston,baseline,3,0.25,9.47201123238,1.11201205503,best_val_loss
21,88.8,149.193029328,4.29804918875,0.676505154004,boston,baseline,4,0.25,inf,,best_val_loss
22,60.9,103.881133995,2345.94898254,1212.60778258,boston,baseline,8,0.25,inf,,best_val_loss
23,104.8,195.908039651,3.16784100252,0.420784358459,boston,baseline,20,0.25,5.13247182369,1.46086370844,best_val_loss
24,88.6,142.909201943,3.36222067814,0.188475740685,boston,baseline,1,0.5,4.99714436531,1.4384112364,best_val_loss
25,91.7,112.008080066,3.3873150171,0.238283852511,boston,baseline,2,0.5,inf,,best_val_loss
26,145.0,276.48869778,5.48828476301,1.94156195874,boston,baseline,3,0.5,inf,,best_val_loss
27,63.7,109.957309898,4.27315599778,0.60745273545,boston,baseline,4,0.5,inf,,best_val_loss
28,91.7,136.102938984,7.2439072129,4.34535990029,boston,baseline,8,0.5,inf,,best_val_loss
29,82.1,140.915187258,3.08374023438,0.215132644164,boston,baseline,20,0.5,inf,,best_val_loss
30,50.3,54.4959631532,4.11029803457,0.632031920885,boston,baseline,1,1.0,inf,,best_val_loss
31,90.1,127.656139688,3.39460349862,0.324497498735,boston,baseline,2,1.0,5.01710968018,1.18385079487,best_val_loss
32,76.7,91.7736890399,6.13008976855,0.21248010255,boston,baseline,3,1.0,9.89039587975,1.18967606381,best_val_loss
33,114.0,195.524423027,3.18624651042,0.441784980698,boston,baseline,4,1.0,inf,,best_val_loss
34,170.0,267.724858764,3.13168062198,0.20379278818,boston,baseline,8,1.0,9.12280464172,1.31491898715,best_val_loss
35,85.6,72.5785092159,3.5101548064,0.165260663008,boston,baseline,20,1.0,9.51132254601,1.05398508452,best_val_loss
36,42.9,96.1721893273,350.361876474,167.701423028,boston,planarflowdet,1,0.25,inf,,best_val_loss
37,59.1,107.38105047,308.627191354,180.929402842,boston,planarflowdet,2,0.25,inf,,best_val_loss
38,125.7,227.830660799,9.85939855139,10.9197483529,boston,planarflowdet,3,0.25,inf,,best_val_loss
39,72.1,100.392679016,713.203210307,2087.80668738,boston,planarflowdet,4,0.25,95.5070127487,255.407690087,best_val_loss
40,92.8,98.7165639597,2778.88369955,7581.27410829,boston,planarflowdet,8,0.25,inf,,best_val_loss
41,256.7,313.54459013,9009.27663428,25000.5426518,boston,planarflowdet,20,0.25,599.135923386,1115.15955381,best_val_loss
42,105.7,183.084160975,3.9154352425,0.707122060494,boston,planarflowdet,1,0.5,7.16455080509,4.60014817051,best_val_loss
43,116.2,186.278179076,3.64581089394,0.364636163468,boston,planarflowdet,2,0.5,inf,,best_val_loss
44,207.2,382.249342707,46497.5533847,139440.7224,boston,planarflowdet,3,0.5,334.747776699,976.199248211,best_val_loss
45,103.5,149.636392632,5.98067825916,1.84441622311,boston,planarflowdet,4,0.5,inf,,best_val_loss
46,133.3,204.307146228,665.378086693,1972.4037566,boston,planarflowdet,8,0.5,107.907814789,194.655632951,best_val_loss
47,126.4,243.179851139,202.000504597,117.831665222,boston,planarflowdet,20,0.5,inf,,best_val_loss
48,90.9,155.877163177,2.68702807582,0.486547709607,boston,planarflowdet,1,1.0,4.16799015999,0.957609593705,best_val_loss
49,164.9,276.36622442,53.7213548,143.666691706,boston,planarflowdet,2,1.0,25.8384271622,6.45047646633,best_val_loss
50,82.2,111.929263376,6.27250136332,1.3467150722,boston,planarflowdet,3,1.0,19.4214869499,7.36803894195,best_val_loss
51,99.2,149.495685556,39.1645280975,15.7206888001,boston,planarflowdet,4,1.0,9.98847346306,3.31165579633,best_val_loss
52,163.6,214.806517592,4.66117601582,1.05288084234,boston,planarflowdet,8,1.0,inf,,best_val_loss
53,110.3,140.120697971,1177.65280104,3474.04884416,boston,planarflowdet,20,1.0,316.063683128,400.980671279,best_val_loss
54,67.9,125.907466022,0.248523857313,1.4024737072,boston,baselinedetplus,1,0.25,inf,,best_val_loss
55,42.5,74.9242951251,0.996430126826,2.23460088871,boston,baselinedetplus,2,0.25,inf,,best_val_loss
56,36.4,35.8530333445,2.70734594009,0.581556860495,boston,baselinedetplus,3,0.25,inf,,best_val_loss
57,41.5,64.1798254906,1.19556869362,2.22525517266,boston,baselinedetplus,4,0.25,inf,,best_val_loss
58,42.1,53.6608796052,3.63244666305,2.10717566683,boston,baselinedetplus,8,0.25,inf,,best_val_loss
59,78.4,113.66547409,3.1952138064,7.56621248837,boston,baselinedetplus,20,0.25,inf,,best_val_loss
60,53.6,90.9914281677,0.216669022803,0.849665601953,boston,baselinedetplus,1,0.5,inf,,best_val_loss
61,53.5,86.4259798903,1.29478935167,0.915220394766,boston,baselinedetplus,2,0.5,inf,,best_val_loss
62,56.5,77.6945944066,0.662158555143,1.13811380255,boston,baselinedetplus,3,0.5,inf,,best_val_loss
63,32.2,67.3628977999,0.770063975746,1.34900782644,boston,baselinedetplus,4,0.5,inf,,best_val_loss
64,43.4,81.8281125286,1.380437117,2.0048200015,boston,baselinedetplus,8,0.5,inf,,best_val_loss
65,39.7,59.0221144996,1.94592526754,2.12104097218,boston,baselinedetplus,20,0.5,inf,,best_val_loss
66,42.9,55.4228292313,0.315542931183,0.803886106407,boston,baselinedetplus,1,1.0,inf,,best_val_loss
67,65.3,108.338405009,2.73300519457,1.32838908536,boston,baselinedetplus,2,1.0,inf,,best_val_loss
68,52.9,68.509050497,0.682568852107,1.01604730905,boston,baselinedetplus,3,1.0,inf,,best_val_loss
69,67.9,97.1961418987,0.897769508642,1.16351984818,boston,baselinedetplus,4,1.0,inf,,best_val_loss
70,43.1,70.1319470712,1.08760883574,1.47382333182,boston,baselinedetplus,8,1.0,inf,,best_val_loss
71,50.5,74.6568817993,1.65465646071,2.15384689436,boston,baselinedetplus,20,1.0,inf,,best_val_loss
72,219.7,442.202905915,3.50251863766,0.308248299616,boston,baselineplus,1,0.25,5.46489653587,2.87007339218,best_val_loss
73,137.7,270.698005164,6.33663348528,0.366384572271,boston,baselineplus,2,0.25,inf,,best_val_loss
74,40.2,86.68540823,472.328381113,163.866556222,boston,baselineplus,3,0.25,inf,,best_val_loss
75,245.0,514.802292147,34.5102011039,4.55763882991,boston,baselineplus,4,0.25,9.44944219589,0.894752070765,best_val_loss
76,358.2,702.688522747,47.585830868,57.8121774254,boston,baselineplus,8,0.25,inf,,best_val_loss
77,220.9,477.90740735,759.832718758,406.660434808,boston,baselineplus,20,0.25,inf,,best_val_loss
78,112.5,195.679968316,4.90322922351,0.569310049686,boston,baselineplus,1,0.5,inf,,best_val_loss
79,205.1,364.138833414,8.86227242464,1.20842416112,boston,baselineplus,2,0.5,inf,,best_val_loss
80,141.7,268.92454332,34.3545713936,16.346244187,boston,baselineplus,3,0.5,inf,,best_val_loss
81,90.5,165.313792528,10.9822167789,2.03085762561,boston,baselineplus,4,0.5,inf,,best_val_loss
82,91.9,145.918778778,90.7257493661,2.50218901036,boston,baselineplus,8,0.5,inf,,best_val_loss
83,139.6,204.368882171,34.181215179,1.02232382022,boston,baselineplus,20,0.5,19.5744337082,6.81947242455,best_val_loss
84,342.1,641.874045277,9.32340426227,13.2609491295,boston,baselineplus,1,1.0,7.22287502289,3.13387987121,best_val_loss
85,79.5,116.65183239,6.33539854062,0.35111583595,boston,baselineplus,2,1.0,inf,,best_val_loss
86,438.4,839.549069441,6.90242574854,1.9384968004,boston,baselineplus,3,1.0,inf,,best_val_loss
87,293.5,558.357815384,15.5380741543,5.98681609773,boston,baselineplus,4,1.0,inf,,best_val_loss
88,408.9,795.112124169,26.5792282104,11.9875159813,boston,baselineplus,8,1.0,inf,,best_val_loss
89,72.5,121.199216169,79.271987925,0.818878655659,boston,baselineplus,20,1.0,inf,,best_val_loss
90,113.7,218.681983712,162.267499198,438.212414052,boston,planarflow,1,0.25,inf,,best_val_loss
91,113.4,188.647395953,306.841827024,558.915933019,boston,planarflow,2,0.25,inf,,best_val_loss
92,82.4,145.833603809,428.211760268,1158.35218462,boston,planarflow,3,0.25,inf,,best_val_loss
93,78.0,118.132975921,122.800308786,340.375541488,boston,planarflow,4,0.25,38.0688120842,63.8026443909,best_val_loss
94,89.4,122.957878967,1989.92650424,5932.33065842,boston,planarflow,8,0.25,inf,,best_val_loss
95,0.0,0.0,,,boston,planarflow,20,0.25,inf,,best_val_loss
96,109.0,193.020724276,3.71378620372,0.264343746321,boston,planarflow,1,0.5,inf,,best_val_loss
97,80.4,119.068215742,144.808155768,176.189874709,boston,planarflow,2,0.5,inf,,best_val_loss
98,60.3,102.070612813,5835.76452392,14031.705975,boston,planarflow,3,0.5,inf,,best_val_loss
99,92.1,170.424440735,138.232980207,400.227983371,boston,planarflow,4,0.5,inf,,best_val_loss
100,128.8,199.855347689,29264.9505743,85801.2373652,boston,planarflow,8,0.5,27.9059309959,39.9832238807,best_val_loss
101,0.0,0.0,,,boston,planarflow,20,0.5,inf,,best_val_loss
102,89.1,114.535976881,5.7020102931,0.399118204207,boston,planarflow,1,1.0,6.96440534592,2.33472652417,best_val_loss
103,86.5,130.864242633,3.84272981531,0.383931939065,boston,planarflow,2,1.0,inf,,best_val_loss
104,72.5,116.35398575,44.3922146267,57.8048722321,boston,planarflow,3,1.0,inf,,best_val_loss
105,91.3,115.710025495,770.447726391,1127.07837702,boston,planarflow,4,1.0,inf,,best_val_loss
106,112.7,166.284725697,5.5012467029,3.006288557,boston,planarflow,8,1.0,inf,,best_val_loss
107,0.0,0.0,,,boston,planarflow,20,1.0,inf,,best_val_loss
108,111.2,218.755479931,0.435243635084,1.88506047771,boston,baselinedet,1,0.25,inf,,best_val_loss
109,58.0,91.8672955953,0.711430702957,0.716883451145,boston,baselinedet,2,0.25,5.05055978298,5.31668935349,best_val_loss
110,58.8,130.045991864,0.702649289019,0.779738811551,boston,baselinedet,3,0.25,inf,,best_val_loss
111,24.3,35.8693462444,0.251603825887,0.728847574664,boston,baselinedet,4,0.25,inf,,best_val_loss
112,37.5,56.0147302055,0.911909065995,0.659934332095,boston,baselinedet,8,0.25,6.41287705898,5.96907741391,best_val_loss
113,52.3,114.080717038,0.118923263456,0.502434866953,boston,baselinedet,20,0.25,inf,,best_val_loss
114,118.3,238.561124243,0.32662821751,0.663222167926,boston,baselinedet,1,0.5,inf,,best_val_loss
115,49.9,84.2181096914,-0.0698586220835,0.338577756796,boston,baselinedet,2,0.5,inf,,best_val_loss
116,95.0,76.1931755474,0.848225518769,0.605360058942,boston,baselinedet,3,0.5,6.19372794628,4.41898931938,best_val_loss
117,32.9,59.9073451256,0.163463163493,0.500361605336,boston,baselinedet,4,0.5,inf,,best_val_loss
118,48.0,93.0924271893,0.0760902068194,0.531093349487,boston,baselinedet,8,0.5,inf,,best_val_loss
119,36.2,73.2622685971,0.0364936330739,0.279254150377,boston,baselinedet,20,0.5,inf,,best_val_loss
120,66.9,118.488353858,0.407124865055,0.683912135668,boston,baselinedet,1,1.0,inf,,best_val_loss
121,49.3,92.1586132708,0.147657351868,0.26920027135,boston,baselinedet,2,1.0,inf,,best_val_loss
122,40.6,79.1886355483,-0.0706972573318,0.260614384132,boston,baselinedet,3,1.0,inf,,best_val_loss
123,31.6,56.1839834828,0.0247938004195,0.234304613124,boston,baselinedet,4,1.0,inf,,best_val_loss
124,72.2,72.939426924,0.908752923853,0.323790468804,boston,baselinedet,8,1.0,5.5417347908,2.43468728285,best_val_loss
125,34.2,60.1311899101,-0.104356665822,0.242427612832,boston,baselinedet,20,1.0,inf,,best_val_loss
126,67.5,158.218361766,,,boston,radialflow,1,0.25,inf,,best_val_loss
127,72.2,136.750722119,2.66333438996,0.43404347742,boston,radialflow,2,0.25,inf,,best_val_loss
128,77.8,174.780319258,,,boston,radialflow,3,0.25,inf,,best_val_loss
129,101.2,215.328957644,4.22251562158,0.368133146214,boston,radialflow,4,0.25,inf,,best_val_loss
130,68.4,121.261040734,2.8465193502,0.301192053025,boston,radialflow,8,0.25,4.50243611336,1.137721012,best_val_loss
131,0.0,0.0,inf,,boston,radialflow,20,0.25,inf,,best_val_loss
132,61.1,107.993935015,3.32742127813,0.335180417131,boston,radialflow,1,0.5,inf,,best_val_loss
133,39.3,81.7802543405,,,boston,radialflow,2,0.5,inf,,best_val_loss
134,37.4,78.3316028178,,,boston,radialflow,3,0.5,inf,,best_val_loss
135,130.4,224.962307954,3.70589896754,0.374578793812,boston,radialflow,4,0.5,inf,,best_val_loss
136,60.7,96.6095750948,4.07329651052,0.758266300724,concrete,mixture,1,0.25,7.58873534203,2.00056356718,best_val_loss
137,68.5,106.169910992,18.4044679957,3.24041199547,concrete,mixture,2,0.25,inf,,best_val_loss
138,66.9,86.9499281196,4.57269124275,0.421617254679,concrete,mixture,3,0.25,inf,,best_val_loss
139,40.5,48.5164920414,49.2170913178,84.8047781543,concrete,mixture,4,0.25,12.5945994854,14.6220498935,best_val_loss
140,60.5,69.1624898337,28.8245607246,71.9723644722,concrete,mixture,8,0.25,inf,,best_val_loss
141,66.5,88.3314779679,8.27954009467,8.19997854252,concrete,mixture,20,0.25,30.595079422,37.9238822748,best_val_loss
142,43.6,69.9802829374,4.37649414779,0.479762665431,concrete,mixture,1,0.5,inf,,best_val_loss
143,45.6,76.5286874316,3.4337860342,0.140301800473,concrete,mixture,2,0.5,inf,,best_val_loss
144,78.7,131.629062141,2.30935861285,0.167388455327,concrete,mixture,3,0.5,inf,,best_val_loss
145,81.6,99.6546035063,285.170570993,518.015044513,concrete,mixture,4,0.5,inf,,best_val_loss
146,85.4,124.532084219,17.1528110677,0.858508517364,concrete,mixture,8,0.5,8.05606026649,1.29074649693,best_val_loss
147,92.2,92.371857186,6.60666477672,5.56706391332,concrete,mixture,20,0.5,inf,,best_val_loss
148,58.1,78.5881034254,14.9884146187,2.21254108526,concrete,mixture,1,1.0,17.5461139679,0.712547632654,best_val_loss
149,63.6,89.5624921493,3.76746721978,0.250472696889,concrete,mixture,2,1.0,inf,,best_val_loss
150,72.4,94.7873409269,2.56570681229,0.792632036695,concrete,mixture,3,1.0,inf,,best_val_loss
151,53.1,86.5429950949,3.34241551273,0.359972155093,concrete,mixture,4,1.0,inf,,best_val_loss
152,107.2,180.520802125,4.33028639019,4.25747443037,concrete,mixture,8,1.0,inf,,best_val_loss
153,41.4,33.9476066903,38.5423778003,48.739952485,concrete,mixture,20,1.0,71.7290081024,55.7064435643,best_val_loss
154,53.8,78.4229558229,4.07403159157,0.596224718686,concrete,baseline,1,0.25,7.17830314636,1.72089146321,best_val_loss
155,57.2,79.5874361944,13.8768798433,2.73033885683,concrete,baseline,2,0.25,17.8560777664,0.887329279395,best_val_loss
156,73.0,126.965349604,2.82065491044,0.235695033491,concrete,baseline,3,0.25,8.5117814064,2.26671652645,best_val_loss
157,54.9,81.9810343921,12.8617605178,3.62087715278,concrete,baseline,4,0.25,9.0773496151,3.27642592282,best_val_loss
158,152.6,300.742813713,1.89736325656,0.0619120269485,concrete,baseline,8,0.25,inf,,best_val_loss
159,47.9,68.2853571419,3.53868563877,0.58479667303,concrete,baseline,20,0.25,7.14458489418,1.89154730587,best_val_loss
160,37.7,63.6113983497,4.37111951217,0.450957206463,concrete,baseline,1,0.5,inf,,best_val_loss
161,54.3,86.1766209595,2.54813992645,0.115627266945,concrete,baseline,2,0.5,inf,,best_val_loss
162,125.0,242.473503707,1.98428276581,0.244924189893,concrete,baseline,3,0.5,inf,,best_val_loss
163,120.3,224.819950182,1.93127351532,0.0871098836993,concrete,baseline,4,0.5,inf,,best_val_loss
164,56.1,48.7431020761,2.86668156003,0.132418798858,concrete,baseline,8,0.5,17.6861787796,0.655712961925,best_val_loss
165,46.9,85.0275837596,2.58399065999,0.149065529024,concrete,baseline,20,0.5,inf,,best_val_loss
166,116.4,219.423882018,3.15481178259,0.363944867673,concrete,baseline,1,1.0,17.66413517,0.964065893537,best_val_loss
167,56.6,62.461508147,2.81040710153,0.0967683597892,concrete,baseline,2,1.0,inf,,best_val_loss
168,39.6,49.1267747771,2.64627314694,0.0766403300687,concrete,baseline,3,1.0,8.48781590462,2.06531675249,best_val_loss
169,46.2,59.8294241991,3.6375533033,0.225472388813,concrete,baseline,4,1.0,6.55648889542,0.491208656048,best_val_loss
170,102.9,161.514364686,2.78755048857,0.0780110047801,concrete,baseline,8,1.0,inf,,best_val_loss
171,36.7,40.8167857627,2.96978636436,0.118749691259,concrete,baseline,20,1.0,8.58715591431,1.53943809594,best_val_loss
172,55.0,84.4476168995,1.55302813879,0.124472662274,concrete,planarflowdet,1,0.25,5.80011177063,1.10322999361,best_val_loss
173,44.1,69.4830195084,17.4769543437,4.30296158755,concrete,planarflowdet,2,0.25,6.66403326988,3.29844009607,best_val_loss
174,86.6,112.283747711,1.63158092561,0.92197535395,concrete,planarflowdet,3,0.25,18.4403395653,22.0399319253,best_val_loss
175,56.2,83.6083727865,1.67881113626,0.312134491796,concrete,planarflowdet,4,0.25,7.39413766861,4.6970162679,best_val_loss
176,76.6,113.918567407,1.67913756571,0.181689475958,concrete,planarflowdet,8,0.25,inf,,best_val_loss
177,83.1,108.379379958,2.4503383118,1.49048542129,concrete,planarflowdet,20,0.25,106.401291656,178.404852269,best_val_loss
178,44.6,68.7869173608,1.53373440246,0.111158190208,concrete,planarflowdet,1,0.5,5.31353521347,0.845019379187,best_val_loss
179,54.6,74.2431141588,1.49653802026,0.121597599288,concrete,planarflowdet,2,0.5,inf,,best_val_loss
180,149.4,113.12046676,1.59061233496,0.445216021992,concrete,planarflowdet,3,0.5,12.3481067657,2.81856904887,best_val_loss
181,55.9,68.6315525105,15.2950519161,2.34228837451,concrete,planarflowdet,4,0.5,8.49573078156,2.99984813877,best_val_loss
182,77.6,75.1041942903,2.07166458611,0.420870082901,concrete,planarflowdet,8,0.5,inf,,best_val_loss
183,105.5,109.203708728,2.26048769658,0.709932316254,concrete,planarflowdet,20,0.5,209.596134377,281.995439239,best_val_loss
184,104.0,195.568913685,2.64792635056,0.484971618753,concrete,planarflowdet,1,1.0,5.47053012848,1.31450883078,best_val_loss
185,59.2,64.1604239387,2.04507968866,0.602449907499,concrete,planarflowdet,2,1.0,7.38058252335,1.64671288985,best_val_loss
186,76.7,86.4164914817,1.30432012367,0.297087315833,concrete,planarflowdet,3,1.0,10.6138847828,3.01559728797,best_val_loss
187,91.2,61.6665225224,1.89065068439,0.392179710548,concrete,planarflowdet,4,1.0,8.88941845894,0.857124062036,best_val_loss
188,45.2,64.3580608782,23.1991173963,4.2533339226,concrete,planarflowdet,8,1.0,24.010830307,19.2731176107,best_val_loss
189,65.6,84.869546953,2.27143262721,0.505411497649,concrete,planarflowdet,20,1.0,11.2244051456,3.58760317626,best_val_loss
190,27.6,60.1617818885,0.53345114745,0.67631170296,concrete,baselinedetplus,1,0.25,inf,,best_val_loss
191,4.4,4.10365690574,1.19777506115,0.616420061965,concrete,baselinedetplus,2,0.25,16.4998983383,13.0725599326,best_val_loss
192,22.8,31.9023510105,2.21761745712,0.198296301249,concrete,baselinedetplus,3,0.25,27.9415250778,11.4806591831,best_val_loss
193,49.8,57.3285269303,1.16159537602,0.655168227033,concrete,baselinedetplus,4,0.25,inf,,best_val_loss
194,24.3,50.5886350873,0.973021555902,1.24053896421,concrete,baselinedetplus,8,0.25,inf,,best_val_loss
195,22.9,28.8147531657,2.65219286576,0.381711136694,concrete,baselinedetplus,20,0.25,61.868302536,22.5308945827,best_val_loss
196,16.4,30.6274386784,1.48600018696,0.227862341387,concrete,baselinedetplus,1,0.5,15.8335594177,6.30516916769,best_val_loss
197,10.4,8.12649986156,1.00751286109,0.522794296257,concrete,baselinedetplus,2,0.5,12.8373746395,7.70296562647,best_val_loss
198,18.3,31.7554719694,2.17941654539,0.174382315934,concrete,baselinedetplus,3,0.5,27.1537101746,9.88356658438,best_val_loss
199,14.7,16.8585289987,2.41311685507,0.125549930076,concrete,baselinedetplus,4,0.5,31.7968652725,10.5172934732,best_val_loss
200,22.0,17.8157233926,1.83918468883,0.384295441983,concrete,baselinedetplus,8,0.5,28.0631029129,12.4835676863,best_val_loss
201,18.1,21.2153246499,2.69033234235,0.384765491461,concrete,baselinedetplus,20,0.5,63.1931987762,25.874984555,best_val_loss
202,25.6,39.4669481972,0.675286687462,0.437435086246,concrete,baselinedetplus,1,1.0,inf,,best_val_loss
203,37.7,32.2367802362,0.843628155606,0.528827795289,concrete,baselinedetplus,2,1.0,inf,,best_val_loss
204,8.5,6.32850693292,1.34025944089,0.556098722174,concrete,baselinedetplus,3,1.0,16.8529133797,9.20385984507,best_val_loss
205,9.9,9.63794583923,1.34400780687,0.437566498708,concrete,baselinedetplus,4,1.0,inf,,best_val_loss
206,17.0,17.2742583054,1.91278690968,0.331828163143,concrete,baselinedetplus,8,1.0,28.743148613,9.47283869512,best_val_loss
207,19.7,17.572990639,2.67001145742,0.228719958069,concrete,baselinedetplus,20,1.0,61.2030342102,15.0398826292,best_val_loss
208,47.1,93.6605039491,5.35635811642,0.972942679639,concrete,baselineplus,1,0.25,7.96016802788,2.38985801986,best_val_loss
209,65.2,88.4961016091,68.590460773,15.5755292,concrete,baselineplus,2,0.25,17.3758026123,0.986403065652,best_val_loss
210,173.6,349.785991715,4.26852659454,0.620087964472,concrete,baselineplus,3,0.25,9.42652721405,3.39506507808,best_val_loss
211,48.9,97.9371737391,23.0366987988,5.29611643031,concrete,baselineplus,4,0.25,9.12360935211,3.22694690172,best_val_loss
212,115.4,201.869859068,9.03736258201,1.05012390884,concrete,baselineplus,8,0.25,20.2192090988,2.91333979492,best_val_loss
213,71.0,127.718440329,16.1976952611,1.42617580106,concrete,baselineplus,20,0.25,104.085731506,12.1969427707,best_val_loss
214,38.6,62.4230726575,5.69582015473,0.680793640356,concrete,baselineplus,1,0.5,7.74241485596,1.31927086761,best_val_loss
215,124.7,225.842445081,3.98385419506,0.449441831224,concrete,baselineplus,2,0.5,inf,,best_val_loss
216,77.5,117.117248943,5.14305643125,0.413049300514,concrete,baselineplus,3,0.5,29.6224380493,8.8588682843,best_val_loss
217,130.4,262.120659239,6.86654243346,1.08888998041,concrete,baselineplus,4,0.5,17.8046621323,0.833060015379,best_val_loss
218,42.1,82.5305398019,34.0655231957,4.96854853055,concrete,baselineplus,8,0.5,9.21100916862,1.90121235132,best_val_loss
219,113.8,195.277648491,10.6959013707,0.640065240163,concrete,baselineplus,20,0.5,inf,,best_val_loss
220,119.2,233.67704209,6.52995914101,0.400447390887,concrete,baselineplus,1,1.0,17.934170723,0.628006167965,best_val_loss
221,103.0,172.034880184,4.08449498272,0.159126301366,concrete,baselineplus,2,1.0,inf,,best_val_loss
222,55.3,84.9565182902,5.10741580605,0.429259779837,concrete,baselineplus,3,1.0,31.3148622513,7.80347722924,best_val_loss
223,39.7,70.9704868237,9.55139732978,0.208573305806,concrete,baselineplus,4,1.0,inf,,best_val_loss
224,119.8,217.507149308,6.41160992866,0.507625064697,concrete,baselineplus,8,1.0,inf,,best_val_loss
225,61.5,82.6259644422,18.140100789,1.0413474477,concrete,baselineplus,20,1.0,inf,,best_val_loss
226,47.4,93.1527777364,4.16800970923,0.616624136172,concrete,planarflow,1,0.25,7.98261156082,1.86533241502,best_val_loss
227,74.7,92.4814035361,49.4301002577,14.0375508764,concrete,planarflow,2,0.25,17.3887522697,1.17779278247,best_val_loss
228,46.7,86.0140104867,4.74298317301,0.839074003909,concrete,planarflow,3,0.25,8.02176609039,2.1829134779,best_val_loss
229,53.0,103.003883422,14.3480479836,3.99024036179,concrete,planarflow,4,0.25,9.86952376366,2.99630103735,best_val_loss
230,59.3,88.5415721568,16.4806180516,4.59219789923,concrete,planarflow,8,0.25,10.0794719219,3.00151655222,best_val_loss
231,0.0,0.0,,,concrete,planarflow,20,0.25,inf,,best_val_loss
232,182.1,322.203491601,2.98562620589,0.282434770282,concrete,planarflow,1,0.5,17.8204706192,0.695940352549,best_val_loss
233,72.6,118.822725099,2.94069081772,0.139553887581,concrete,planarflow,2,0.5,inf,,best_val_loss
234,77.5,116.612392137,3.05596034473,0.214196015831,concrete,planarflow,3,0.5,inf,,best_val_loss
235,54.6,87.9195086428,87.6713485273,16.0887959501,concrete,planarflow,4,0.5,17.3879201889,0.731557816371,best_val_loss
236,47.9,78.354897741,17.9271570446,3.56335008046,concrete,planarflow,8,0.5,9.70729179382,1.75617669011,best_val_loss
237,0.0,0.0,,,concrete,planarflow,20,0.5,inf,,best_val_loss
238,57.7,68.5376538846,22.8335436429,7.0860086039,concrete,planarflow,1,1.0,17.7235967636,0.85783396365,best_val_loss
239,54.8,73.2922915456,3.75213098125,0.953096906516,concrete,planarflow,2,1.0,inf,,best_val_loss
240,53.4,75.9634122456,3.04276768459,0.197552814212,concrete,planarflow,3,1.0,inf,,best_val_loss
241,35.6,51.0337143465,4.09691630984,0.179366466894,concrete,planarflow,4,1.0,7.59529027939,0.542552611844,best_val_loss
242,150.1,233.555325351,30.6045195151,79.3034221452,concrete,planarflow,8,1.0,15.3079881191,17.3863407334,best_val_loss
243,0.0,0.0,,,concrete,planarflow,20,1.0,inf,,best_val_loss
244,55.3,128.057057595,0.507185073038,0.338230262011,concrete,baselinedet,1,0.25,inf,,best_val_loss
245,45.3,83.4913768002,0.473529582348,0.422925032451,concrete,baselinedet,2,0.25,inf,,best_val_loss
246,45.0,65.9605942969,0.502056760695,0.473381013792,concrete,baselinedet,3,0.25,7.01846413612,4.29027928741,best_val_loss
247,16.7,36.0528778324,0.304726617776,0.457333500446,concrete,baselinedet,4,0.25,inf,,best_val_loss
248,75.2,149.959861296,0.246688036635,0.419277772839,concrete,baselinedet,8,0.25,inf,,best_val_loss
249,39.0,75.4479953345,0.365547534274,0.503972851237,concrete,baselinedet,20,0.25,inf,,best_val_loss
250,43.5,84.8625359037,0.308152948768,0.284015313968,concrete,baselinedet,1,0.5,inf,,best_val_loss
251,35.1,64.9822283398,0.406332630787,0.250673043914,concrete,baselinedet,2,0.5,6.30219802856,1.92602957598,best_val_loss
252,38.4,66.720611508,0.319814760708,0.22813015955,concrete,baselinedet,3,0.5,inf,,best_val_loss
253,35.2,66.7439884933,0.659564908963,0.193291343093,concrete,baselinedet,4,0.5,8.04999022484,1.85266135051,best_val_loss
254,38.0,66.2570750939,0.442345900674,0.35262077729,concrete,baselinedet,8,0.5,6.51872491837,3.36358740399,best_val_loss
255,43.9,80.8770053847,0.422926687037,0.272501627884,concrete,baselinedet,20,0.5,6.546144104,2.09878988709,best_val_loss
256,37.7,69.606106054,0.42836841287,0.173343378367,concrete,baselinedet,1,1.0,5.98923001289,1.41466759701,best_val_loss
257,40.7,69.4853221911,0.402076602677,0.154309645492,concrete,baselinedet,2,1.0,6.01282892227,1.22120206964,best_val_loss
258,40.3,75.3233695476,0.49688010725,0.264780275689,concrete,baselinedet,3,1.0,6.70085096359,2.78558443418,best_val_loss
259,63.3,123.399392219,0.36347777774,0.153737490509,concrete,baselinedet,4,1.0,5.76234455109,0.969265805434,best_val_loss
260,25.4,45.6775656094,0.431487589438,0.423407640162,concrete,baselinedet,8,1.0,inf,,best_val_loss
261,54.0,108.342050931,0.371209352919,0.148500234481,concrete,baselinedet,20,1.0,inf,,best_val_loss
262,3.5,8.42911620515,,,concrete,radialflow,1,0.25,inf,,best_val_loss
263,4.7,9.83920728514,,,concrete,radialflow,2,0.25,inf,,best_val_loss
264,4.3,10.2571925984,,,concrete,radialflow,3,0.25,inf,,best_val_loss
265,2.4,5.73061951276,,,concrete,radialflow,4,0.25,inf,,best_val_loss
266,40.3,51.8344480052,12.4531395276,3.71668896546,concrete,radialflow,8,0.25,inf,,best_val_loss
267,0.0,0.0,inf,,concrete,radialflow,20,0.25,inf,,best_val_loss
268,1.2,2.56124969497,,,concrete,radialflow,1,0.5,inf,,best_val_loss
269,1.2,2.56124969497,,,concrete,radialflow,2,0.5,inf,,best_val_loss
270,15.3,31.4771345583,,,concrete,radialflow,3,0.5,inf,,best_val_loss
271,3.1,6.51843539509,,,concrete,radialflow,4,0.5,inf,,best_val_loss
272,89.2,151.004503244,7.41748552529,1.74544530103,energy,mixture,1,0.25,inf,,best_val_loss
273,22.0,12.7121988657,20.2608410261,6.36008236097,energy,mixture,2,0.25,42.222046566,19.1937161366,best_val_loss
274,100.1,133.983916945,658.439847997,1609.42552607,energy,mixture,3,0.25,inf,,best_val_loss
275,25.3,28.6602512201,7.9521064362,2.54146403997,energy,mixture,4,0.25,65.7154748917,33.4402091549,best_val_loss
276,56.5,73.5,4.97648947786,5.7108256097,energy,mixture,8,0.25,7.09255738258,12.4313538043,best_val_loss
277,31.0,35.721142199,34.9848543638,18.9778581079,energy,mixture,20,0.25,inf,,best_val_loss
278,20.6,20.2642542424,6.98374762102,2.23169204722,energy,mixture,1,0.5,inf,,best_val_loss
279,57.1,81.4130824868,2.38335599187,0.341577317585,energy,mixture,2,0.5,inf,,best_val_loss
280,71.7,87.04602231,2.85848553947,0.317984379027,energy,mixture,3,0.5,2.83428971767,0.192478189705,best_val_loss
281,56.9,86.4493493324,1052.20115247,2521.58732826,energy,mixture,4,0.5,inf,,best_val_loss
282,62.7,95.2323999488,3.08521817721,0.350106848253,energy,mixture,8,0.5,inf,,best_val_loss
283,68.3,86.0697972578,5.95369529105,3.64386130668,energy,mixture,20,0.5,inf,,best_val_loss
284,59.2,78.6610449969,9.34515093519,4.50072215512,energy,mixture,1,1.0,10.4690763474,1.00727856634,best_val_loss
285,75.3,103.2579779,10.4373946153,4.48535126289,energy,mixture,2,1.0,9.94338064194,0.917398683953,best_val_loss
286,70.3,77.6286673852,2.97411202249,0.375755623923,energy,mixture,3,1.0,inf,,best_val_loss
287,16.3,13.5133267555,1212.13120076,2254.57659062,energy,mixture,4,1.0,60.234059906,27.9036949021,best_val_loss
288,77.1,103.217682594,3.18177927851,0.717270633688,energy,mixture,8,1.0,inf,,best_val_loss
289,62.0,95.5143968206,4.08389693339,1.73682567232,energy,mixture,20,1.0,inf,,best_val_loss
290,50.1,97.9984183546,7.75067469609,2.06811145914,energy,baseline,1,0.25,17.5909133434,7.64429325775,best_val_loss
291,61.3,118.6280321,3.01828251628,0.19473006334,energy,baseline,2,0.25,10.2884340286,0.571296039093,best_val_loss
292,48.8,101.61279447,6.13036309114,0.914324812218,energy,baseline,3,0.25,10.5900068283,0.639777478633,best_val_loss
293,24.7,37.4380822158,7.34333488167,2.67146316283,energy,baseline,4,0.25,inf,,best_val_loss
294,65.2,102.155567641,3.49706787304,0.350334929965,energy,baseline,8,0.25,2.91961548328,0.210902477526,best_val_loss
295,73.1,111.480446716,2.48613353521,0.336888108235,energy,baseline,20,0.25,inf,,best_val_loss
296,48.5,89.5067036596,3.01395326094,0.119666679913,energy,baseline,1,0.5,10.2267529488,0.598025693147,best_val_loss
297,50.5,52.5171400592,2.59874234427,0.139118643148,energy,baseline,2,0.5,2.73318600655,0.168589106691,best_val_loss
298,46.4,51.3910498044,3.17023474086,0.301836856405,energy,baseline,3,0.5,inf,,best_val_loss
299,46.3,91.2601227262,6.04741980482,0.579039679004,energy,baseline,4,0.5,10.4544148445,0.530423752832,best_val_loss
300,54.9,59.795401161,2.97461058134,0.238004634654,energy,baseline,8,0.5,inf,,best_val_loss
301,42.7,54.6187696676,3.24319755216,0.285674224778,energy,baseline,20,0.5,inf,,best_val_loss
302,37.4,72.8219747054,6.5376105998,0.829172916599,energy,baseline,1,1.0,10.8748110771,0.663945165334,best_val_loss
303,46.3,91.1087811355,6.51000379752,0.833265763752,energy,baseline,2,1.0,10.3335780144,0.537282453061,best_val_loss
304,51.7,60.623510291,3.25975644723,0.135719618901,energy,baseline,3,1.0,inf,,best_val_loss
305,4.0,6.260990337,436.763740582,173.523129979,energy,baseline,4,1.0,6.42160620689,1.70583761581,best_val_loss
306,42.0,50.7818865345,2.52961803515,0.106122897999,energy,baseline,8,1.0,inf,,best_val_loss
307,38.1,43.5142505393,3.39248629974,0.203370544173,energy,baseline,20,1.0,inf,,best_val_loss
308,41.6,54.7159940054,6.38460158971,2.78852271735,energy,planarflowdet,1,0.25,30.1645954609,28.3578120815,best_val_loss
309,73.0,122.995121854,4.98763391404,1.097490006,energy,planarflowdet,2,0.25,inf,,best_val_loss
310,83.7,126.983502866,9.624859094,2.28582139657,energy,planarflowdet,3,0.25,2.2234685719,2.37641786723,best_val_loss
311,71.1,105.087059146,5.21850556584,2.71273280436,energy,planarflowdet,4,0.25,inf,,best_val_loss
312,116.0,174.728360606,1.04677020569,0.196447549159,energy,planarflowdet,8,0.25,inf,,best_val_loss
313,65.9,79.5455215584,449.126074357,975.150123438,energy,planarflowdet,20,0.25,1415.42477322,1411.71803157,best_val_loss
314,54.8,97.5754067376,2.48970459116,0.16479739798,energy,planarflowdet,1,0.5,inf,,best_val_loss
315,78.8,75.1741977011,2.45740095289,0.470314563941,energy,planarflowdet,2,0.5,inf,,best_val_loss
316,88.3,105.273025985,1.28016010218,0.103896587486,energy,planarflowdet,3,0.5,1.97887316942,1.20766506535,best_val_loss
317,58.2,88.2165517349,9.91861677459,1.58834165903,energy,planarflowdet,4,0.5,1.93902782798,1.42604646556,best_val_loss
318,60.0,83.9190085737,29.2038767001,23.4544926262,energy,planarflowdet,8,0.5,259.572871017,279.110805706,best_val_loss
319,68.4,114.223640285,1323.77915072,2346.08196083,energy,planarflowdet,20,0.5,inf,,best_val_loss
320,44.5,73.7078693221,7.49262638587,0.65651081691,energy,planarflowdet,1,1.0,0.796063613892,0.187535398161,best_val_loss
321,58.4,82.4053396328,14.5112870515,2.19550613222,energy,planarflowdet,2,1.0,2.73088817,2.12216123253,best_val_loss
322,33.9,29.7403765948,26.406120003,20.2118172429,energy,planarflowdet,3,1.0,65.9223259926,54.7048125596,best_val_loss
323,46.0,30.0266548253,105.644878946,92.4569427067,energy,planarflowdet,4,1.0,154.724718571,126.564140349,best_val_loss
324,49.5,73.9922293217,2.15569112208,2.5289378518,energy,planarflowdet,8,1.0,inf,,best_val_loss
325,63.3,79.1556062449,3.29577015881,5.33176383735,energy,planarflowdet,20,1.0,17.0378913879,37.6977506521,best_val_loss
326,33.5,27.659537234,0.396851435575,0.137351329365,energy,baselinedetplus,1,0.25,inf,,best_val_loss
327,29.6,27.5688229709,0.50875008323,0.529008955255,energy,baselinedetplus,2,0.25,4.91759021282,4.18912726785,best_val_loss
328,34.6,41.010242623,1.06815462979,0.571312509354,energy,baselinedetplus,3,0.25,8.64901144505,4.79265799038,best_val_loss
329,25.7,35.2903669576,1.1822438079,0.525188179684,energy,baselinedetplus,4,0.25,9.39312956333,5.4521811431,best_val_loss
330,85.1,72.1878798691,1.67322273254,0.704172154742,energy,baselinedetplus,8,0.25,15.8301724434,12.1645611069,best_val_loss
331,37.2,44.2601400811,1.16771117124,0.798923985868,energy,baselinedetplus,20,0.25,11.112767005,14.0718046872,best_val_loss
332,72.9,99.1861381444,1.00914562275,0.530982331495,energy,baselinedetplus,1,0.5,7.77633030415,3.64265483091,best_val_loss
333,29.1,24.2505670037,0.982593758075,0.478026934786,energy,baselinedetplus,2,0.5,inf,,best_val_loss
334,39.2,55.3476286755,0.497379992844,0.342692014492,energy,baselinedetplus,3,0.5,inf,,best_val_loss
335,32.1,35.6747810084,0.472030074875,0.181577132153,energy,baselinedetplus,4,0.5,3.90903365612,0.581605896299,best_val_loss
336,65.6,85.1812185872,0.882656540809,0.438687967837,energy,baselinedetplus,8,0.5,6.41495552063,2.8650855359,best_val_loss
337,37.0,42.2279528275,1.21373078235,0.552201831343,energy,baselinedetplus,20,0.5,inf,,best_val_loss
338,22.5,20.9630627533,0.453678118718,0.313997106594,energy,baselinedetplus,1,1.0,4.11095278263,2.00012162254,best_val_loss
339,12.6,14.3610584568,0.874367845213,0.497805531707,energy,baselinedetplus,2,1.0,inf,,best_val_loss
340,55.0,68.8796051092,0.496043794805,0.185104439274,energy,baselinedetplus,3,1.0,3.93223733902,0.939354731529,best_val_loss
341,29.5,22.4599643811,1.27720812513,0.246798842549,energy,baselinedetplus,4,1.0,inf,,best_val_loss
342,34.7,33.6750649591,0.533973889537,0.311251611036,energy,baselinedetplus,8,1.0,inf,,best_val_loss
343,53.9,64.6675343584,1.23440601299,0.354033507939,energy,baselinedetplus,20,1.0,inf,,best_val_loss
344,28.5,57.9607625899,18.1302252369,7.02499933619,energy,baselineplus,1,0.25,inf,,best_val_loss
345,58.0,122.787621526,9.59671289023,0.992545194683,energy,baselineplus,2,0.25,10.0254053116,0.673834242933,best_val_loss
346,46.1,98.9024266639,129.881399893,58.383576432,energy,baselineplus,3,0.25,39.2352527142,21.7759602267,best_val_loss
347,28.6,54.1833922895,45.0653106425,18.5872271236,energy,baselineplus,4,0.25,127.52148819,60.7618317466,best_val_loss
348,74.0,105.183648919,7.80012125783,0.76388819917,energy,baselineplus,8,0.25,inf,,best_val_loss
349,83.6,115.981205374,17.6769084418,2.3187449851,energy,baselineplus,20,0.25,10.1541757584,1.64481330045,best_val_loss
350,13.7,19.5553061853,18.8209306131,6.90022612455,energy,baselineplus,1,0.5,49.740425396,21.050475656,best_val_loss
351,74.8,88.0156804212,5.38276660226,0.475020186631,energy,baselineplus,2,0.5,inf,,best_val_loss
352,66.9,77.6523663516,10.680960187,1.97487489037,energy,baselineplus,3,0.5,inf,,best_val_loss
353,54.9,110.824591134,46.3666482405,8.16002421467,energy,baselineplus,4,0.5,10.1502485275,0.512277777055,best_val_loss
354,72.9,77.2508252383,7.83759727973,0.786771498426,energy,baselineplus,8,0.5,25.3455413818,2.84103385232,best_val_loss
355,71.6,84.4454853737,10.8811653963,0.840594242809,energy,baselineplus,20,0.5,inf,,best_val_loss
356,40.5,79.6382445814,16.3840993741,3.75348857817,energy,baselineplus,1,1.0,10.3649128914,0.624771164263,best_val_loss
357,37.8,73.6339595567,27.4751822633,5.82913802229,energy,baselineplus,2,1.0,10.3906297684,0.495468311655,best_val_loss
358,64.0,54.5490604869,10.9411989352,0.180393416037,energy,baselineplus,3,1.0,4.47973694801,0.413138715281,best_val_loss
359,3.3,4.60543157587,3988.01084548,1485.12697347,energy,baselineplus,4,1.0,13.9180164337,3.31558140763,best_val_loss
360,67.9,71.8156668144,9.77570081769,0.204213156213,energy,baselineplus,8,1.0,5.9977918148,0.881641078087,best_val_loss
361,58.3,80.3555225233,12.0048085134,0.167961029749,energy,baselineplus,20,1.0,56.621975708,5.48484712635,best_val_loss
362,35.7,27.3607382941,6.75176038205,1.62173987403,energy,planarflow,1,0.25,46.155399704,19.6748273501,best_val_loss
363,90.2,140.218971612,3.98178667341,0.564633193048,energy,planarflow,2,0.25,10.3874920845,0.587757854224,best_val_loss
364,90.3,148.546322741,10.7106701112,1.91849902893,energy,planarflow,3,0.25,10.3551991463,0.4701648757,best_val_loss
365,88.2,158.14031744,4.40348471439,0.315934203704,energy,planarflow,4,0.25,inf,,best_val_loss
366,72.8,129.764247773,4.08419655061,0.488877442315,energy,planarflow,8,0.25,inf,,best_val_loss
367,0.0,0.0,,,energy,planarflow,20,0.25,inf,,best_val_loss
368,45.4,38.7716391193,6.7090440263,1.87231326919,energy,planarflow,1,0.5,44.2644459724,22.7802612131,best_val_loss
369,68.6,90.4015486593,3.13191823998,0.424187608996,energy,planarflow,2,0.5,2.9836823225,0.416994780009,best_val_loss
370,86.4,116.623496775,3.62244398439,0.331180308764,energy,planarflow,3,0.5,3.00466339588,0.292007299672,best_val_loss
371,94.2,135.710574385,16.5096658913,2.55855834012,energy,planarflow,4,0.5,10.6383019447,0.627993365533,best_val_loss
372,78.4,117.239242577,4.15024144887,0.412099678349,energy,planarflow,8,0.5,inf,,best_val_loss
373,0.0,0.0,,,energy,planarflow,20,0.5,inf,,best_val_loss
374,21.0,34.5224564595,0.564182849983,0.442010237079,energy,baselinedet,1,0.25,inf,,best_val_loss
375,44.5,60.0587212651,0.299348642919,0.128896182401,energy,baselinedet,2,0.25,inf,,best_val_loss
376,35.5,37.4973332385,0.453899239875,0.353142921592,energy,baselinedet,3,0.25,4.23258063793,2.23987374853,best_val_loss
377,21.3,30.7247457272,0.873536057906,0.468593313379,energy,baselinedet,4,0.25,inf,,best_val_loss
378,27.0,15.0996688705,0.406487881054,0.130841900559,energy,baselinedet,8,0.25,inf,,best_val_loss
379,27.0,22.7024227782,1.03098629976,0.516268906805,energy,baselinedet,20,0.25,inf,,best_val_loss
380,26.8,17.0047052312,0.405729288869,0.0989527012368,energy,baselinedet,1,0.5,3.69571845531,0.383863522929,best_val_loss
381,17.9,10.5494075663,0.40851589302,0.138103018159,energy,baselinedet,2,0.5,inf,,best_val_loss
382,32.3,28.2065595208,0.305389576454,0.152717019526,energy,baselinedet,3,0.5,3.43854694366,0.724047421102,best_val_loss
383,31.7,37.4167074981,0.838725932233,0.584856170988,energy,baselinedet,4,0.5,inf,,best_val_loss
384,37.3,42.4383081661,0.247833119739,0.0982073336779,energy,baselinedet,8,0.5,inf,,best_val_loss
385,30.3,12.767536959,0.401348147454,0.107052750229,energy,baselinedet,20,0.5,3.7149418354,0.320625394214,best_val_loss
386,23.7,16.6015059558,0.328956926024,0.0955683065236,energy,baselinedet,1,1.0,3.49168360233,0.398182282643,best_val_loss
387,14.3,15.0003333296,1.09135778601,0.455170304757,energy,baselinedet,2,1.0,inf,,best_val_loss
388,13.9,15.1950649883,1.07220080735,0.439197902458,energy,baselinedet,3,1.0,8.08501775265,3.13563205688,best_val_loss
389,40.2,43.7853856897,0.211885887617,0.153769026412,energy,baselinedet,4,1.0,3.06521854401,0.602367480277,best_val_loss
390,10.6,8.845337755,0.425231405977,0.146167431345,energy,baselinedet,8,1.0,3.94454574585,0.600234408404,best_val_loss
391,55.3,80.9518992983,-1.20205991175,0.374206813881,energy,baselinedet,20,1.0,inf,,best_val_loss
392,8.4,5.74804314528,10.3981537365,2.06720323103,powerplant,mixture,1,0.25,11.9057534218,1.96129517096,best_val_loss
393,82.4,105.130585464,9.9582209426,1.39556793716,powerplant,mixture,2,0.25,8.54315767288,0.74928257932,best_val_loss
394,79.3,129.31593096,7.46146785852,0.770431125187,powerplant,mixture,3,0.25,inf,,best_val_loss
395,19.7,18.5313248312,10.6994707268,1.68691922799,powerplant,mixture,4,0.25,13.1343358994,2.39743968075,best_val_loss
396,77.9,93.8503596157,4.02642428652,0.527746614402,powerplant,mixture,8,0.25,inf,,best_val_loss
397,82.6,102.015881117,4.95753714981,1.76892264193,powerplant,mixture,20,0.25,inf,,best_val_loss
398,64.8,72.572446562,9.50454586485,6.6897745554,powerplant,mixture,1,0.5,inf,,best_val_loss
399,61.3,70.1256729023,59.8537163118,148.126451799,powerplant,mixture,2,0.5,inf,,best_val_loss
400,86.3,122.106551831,7.64152327763,0.873747201817,powerplant,mixture,3,0.5,10.5671733856,0.340579047348,best_val_loss
401,21.1,15.8836393815,10.8553560592,1.39724462624,powerplant,mixture,4,0.5,13.530721283,1.7655989937,best_val_loss
402,92.5,143.006468385,177.855481357,495.996768165,powerplant,mixture,8,0.5,inf,,best_val_loss
403,11.0,10.7517440446,12.6185556123,1.51961818996,powerplant,mixture,20,0.5,21.4741138458,6.08518672106,best_val_loss
404,13.3,10.5834776893,10.7378831077,1.95042786028,powerplant,mixture,1,1.0,13.7011933327,3.83646421862,best_val_loss
405,26.6,35.5280171133,1444.95928828,251.26894051,powerplant,mixture,2,1.0,46.4470280647,40.3861353824,best_val_loss
406,21.1,16.5556636835,14.215396166,2.1785100925,powerplant,mixture,3,1.0,19.9182040215,6.24475892774,best_val_loss
407,25.8,30.5705740869,180.637870607,35.6705457585,powerplant,mixture,4,1.0,31.1172242165,19.7622663545,best_val_loss
408,11.8,12.0233106922,11.2732731069,1.07575804507,powerplant,mixture,8,1.0,16.8029886246,6.35614279369,best_val_loss
409,17.8,12.7655787178,41.0304482391,8.14290337917,powerplant,mixture,20,1.0,31.6961591721,16.5912359433,best_val_loss
410,27.2,29.6,3.49559401429,0.0417300171551,powerplant,baselinedet,1,0.25,inf,,best_val_loss
411,26.4,28.7652568214,3.46152933055,0.0385922898795,powerplant,baselinedet,2,0.25,inf,,best_val_loss
412,26.5,33.2783713544,3.45766912797,0.0500588688061,powerplant,baselinedet,3,0.25,inf,,best_val_loss
413,23.3,26.7770424058,3.44329983224,0.0573060958902,powerplant,baselinedet,4,0.25,inf,,best_val_loss
414,27.1,24.1099564496,3.46316224101,0.0650219785879,powerplant,baselinedet,8,0.25,inf,,best_val_loss
415,25.0,26.0499520153,3.45403678998,0.0397943955824,powerplant,baselinedet,20,0.25,inf,,best_val_loss
416,36.6,36.8760084608,3.41626999555,0.0387831853376,powerplant,baselinedet,1,0.5,8.11942391396,0.149669380748,best_val_loss
417,26.7,26.9705394829,3.43386342717,0.0520256990927,powerplant,baselinedet,2,0.5,inf,,best_val_loss
418,24.9,20.8348266131,3.46560354522,0.0812498895847,powerplant,baselinedet,3,0.5,inf,,best_val_loss
419,26.5,20.2891596672,3.47339280466,0.0425009517482,powerplant,baselinedet,4,0.5,8.18712611198,0.123383624678,best_val_loss
420,25.2,21.7154323006,3.45625423483,0.0406933257816,powerplant,baselinedet,8,0.5,inf,,best_val_loss
421,17.5,12.9015502944,3.67859774503,0.061348462768,powerplant,baselinedet,20,0.5,8.31515512466,0.134303378569,best_val_loss
422,14.0,14.4568322948,3.72594625539,0.0734804438652,powerplant,baselinedet,1,1.0,inf,,best_val_loss
423,14.8,14.4346804606,4.08369339611,0.804494437414,powerplant,baselinedet,2,1.0,inf,,best_val_loss
424,7.5,8.36958780347,3.67893002629,0.0593624293682,powerplant,baselinedet,3,1.0,8.37398262024,0.0858587873186,best_val_loss
425,16.1,14.3906219463,5.28404062684,0.828652809403,powerplant,baselinedet,4,1.0,inf,,best_val_loss
426,18.4,14.6437700064,5.11663549218,0.905096289612,powerplant,baselinedet,8,1.0,inf,,best_val_loss
427,36.0,34.8969912743,5.09506682871,0.868975568787,powerplant,baselinedet,20,1.0,10.4613461494,1.25615695302,best_val_loss
428,21.6,23.2860473245,10.1492001652,2.61157016664,powerplant,baseline,1,0.25,10.5665336609,1.19189060842,best_val_loss
429,7.1,5.00899191455,10.7216692407,2.19324001802,powerplant,baseline,2,0.25,10.8337903023,1.40751446316,best_val_loss
430,69.8,80.5751822834,6.13146006638,0.0946277219451,powerplant,baseline,3,0.25,11.2855279922,0.136545504604,best_val_loss
431,12.6,16.3658180364,9.72864760422,1.92170404472,powerplant,baseline,4,0.25,10.225703907,0.952239106957,best_val_loss
432,57.0,82.8009661779,3.9125315816,0.0640204855176,powerplant,baseline,8,0.25,8.20444288254,0.175595503835,best_val_loss
433,48.0,61.8029125527,3.86510790297,0.0740825211538,powerplant,baseline,20,0.25,inf,,best_val_loss
434,35.7,70.4812741088,6.79099028829,0.199696743367,powerplant,baseline,1,0.5,11.3320205688,0.114384130505,best_val_loss
435,51.5,61.110146457,10.5856065793,0.279415088456,powerplant,baseline,2,0.5,inf,,best_val_loss
436,52.9,66.2471886196,6.18867649888,0.0550187965929,powerplant,baseline,3,0.5,11.3150929451,0.126628238251,best_val_loss
437,7.0,9.61249187256,8.84331818105,1.92078944682,powerplant,baseline,4,0.5,inf,,best_val_loss
438,35.7,70.6428340315,6.8442730613,0.22851890988,powerplant,baseline,8,0.5,11.3767464638,0.101081756753,best_val_loss
439,12.4,15.2262930485,9.37404556832,2.08292411829,powerplant,baseline,20,0.5,9.91882390976,1.37554088949,best_val_loss
440,14.7,15.1396829557,10.65121106,2.10395918787,powerplant,baseline,1,1.0,10.8988512993,1.12007366009,best_val_loss
441,1.6,1.2,1023.74884273,436.016642403,powerplant,baseline,2,1.0,10.1591359138,3.16059840448,best_val_loss
442,12.3,14.5399449793,15.0165254291,2.93332833338,powerplant,baseline,3,1.0,10.7593190193,1.5542019069,best_val_loss
443,1.3,0.640312423743,124.448976055,24.4481054119,powerplant,baseline,4,1.0,8.68680953979,0.514549446467,best_val_loss
444,11.7,12.5463141998,10.201087038,2.39460050423,powerplant,baseline,8,1.0,10.8442770004,1.36848444909,best_val_loss
445,17.1,29.8209657791,30.8493869103,3.22496685322,powerplant,baseline,20,1.0,10.7461849213,2.3867322161,best_val_loss
446,15.8,13.8838035134,8.11480413136,1.56973136434,powerplant,planarflowdet,1,0.25,14.3823666573,8.76582396418,best_val_loss
447,71.7,120.159935087,3.60670647111,0.0527476825821,powerplant,planarflowdet,2,0.25,inf,,best_val_loss
448,60.8,128.652088984,3.89840978864,0.0726245862492,powerplant,planarflowdet,3,0.25,8.14422941208,0.148891984235,best_val_loss
449,21.7,15.0668510313,9.95150916918,2.78662522165,powerplant,planarflowdet,4,0.25,274.494395638,573.260604344,best_val_loss
450,95.5,77.5077415488,5.59449737453,3.44584323319,powerplant,planarflowdet,8,0.25,8.88007879257,2.11225860208,best_val_loss
451,97.8,161.434692678,4.52976209215,1.6441741401,powerplant,planarflowdet,20,0.25,9.2850438118,2.85352515733,best_val_loss
452,41.6,66.3930719277,49.0983910316,121.69947629,powerplant,planarflowdet,1,0.5,8.19237375259,0.133502989633,best_val_loss
453,88.0,128.428968695,4.1817210528,0.293928894104,powerplant,planarflowdet,2,0.5,8.25730676651,0.100044837883,best_val_loss
454,67.3,110.207123182,4.44045275798,0.174860593258,powerplant,planarflowdet,3,0.5,inf,,best_val_loss
455,61.9,100.802232118,4.1888672534,0.192956939617,powerplant,planarflowdet,4,0.5,inf,,best_val_loss
456,76.1,92.612580139,4.69458398344,0.0933495262527,powerplant,planarflowdet,8,0.5,inf,,best_val_loss
457,12.3,10.2474387044,21.4718353941,10.5970894151,powerplant,planarflowdet,20,0.5,inf,,best_val_loss
458,19.4,9.98198377077,17.4256686103,3.46440010817,powerplant,planarflowdet,8,1.0,168.979119778,279.980214653,best_val_loss
459,6.4,4.86209831246,8.31229932593,1.07353879955,powerplant,planarflowdet,1,1.0,14.2704687119,9.90303770535,best_val_loss
460,19.1,11.1485425056,1024.28637122,327.022658594,powerplant,planarflowdet,2,1.0,47.2237076759,55.5167220667,best_val_loss
461,28.1,18.7160359051,18.3528769392,4.95093977935,powerplant,planarflowdet,3,1.0,85.8879854202,177.049102877,best_val_loss
462,32.4,24.5365034184,118.454556713,22.7927328005,powerplant,planarflowdet,4,1.0,39.1474245071,33.4683458371,best_val_loss
463,29.2,18.8986772024,0.0955378107122,0.0561291561954,toy1d,mixture,1,0.25,inf,,best_val_loss
464,21.0,18.6708328684,0.844931933027,2.3450288651,toy1d,mixture,2,0.25,inf,,best_val_loss
465,18.6,15.8379291576,0.0591218301545,0.0824077464611,toy1d,mixture,3,0.25,inf,,best_val_loss
466,17.0,21.5081379947,0.0957851405917,0.0547128264538,toy1d,mixture,4,0.25,inf,,best_val_loss
467,17.6,13.6981750609,0.455439306064,1.04911071187,toy1d,mixture,8,0.25,inf,,best_val_loss
468,27.8,27.3452006758,0.0970409677672,0.0651813993377,toy1d,mixture,20,0.25,inf,,best_val_loss
469,19.2,14.8781719307,0.0967965529102,0.0687217009611,toy1d,mixture,1,0.5,inf,,best_val_loss
470,22.4,15.4609184721,0.103612030227,0.0757677359998,toy1d,mixture,2,0.5,inf,,best_val_loss
471,29.5,23.5340179315,0.0593216166973,0.0794773126834,toy1d,mixture,3,0.5,inf,,best_val_loss
472,13.2,12.3596116444,0.675416075676,1.73787308066,toy1d,mixture,4,0.5,inf,,best_val_loss
473,20.7,22.7026430179,0.120342181883,0.069052121927,toy1d,mixture,8,0.5,inf,,best_val_loss
474,17.5,19.8355741031,0.5248895829,1.31280585328,toy1d,mixture,20,0.5,inf,,best_val_loss
475,18.7,11.7732748205,0.0896981631227,0.0490209231572,toy1d,mixture,1,1.0,inf,,best_val_loss
476,20.5,25.160484892,0.091813004919,0.0759704573167,toy1d,mixture,2,1.0,inf,,best_val_loss
477,27.4,25.5937492369,0.116394857821,0.0556002471313,toy1d,mixture,3,1.0,inf,,best_val_loss
478,19.1,15.423683088,0.108133570573,0.069816532121,toy1d,mixture,4,1.0,inf,,best_val_loss
479,24.5,16.8893457541,0.105431122313,0.0531907371857,toy1d,mixture,8,1.0,inf,,best_val_loss
480,29.0,22.0816666038,0.111110088995,0.067119970447,toy1d,mixture,20,1.0,inf,,best_val_loss
481,19.9,17.801404439,0.167744618614,0.0790798696265,toy1d,radialflow,1,0.25,inf,,best_val_loss
482,18.1,14.8758193052,0.116714080973,0.0762268837576,toy1d,radialflow,2,0.25,inf,,best_val_loss
483,21.0,17.5670145443,0.130781530602,0.0795686185738,toy1d,radialflow,3,0.25,inf,,best_val_loss
484,24.3,15.6272198423,0.107587228928,0.0433010609481,toy1d,radialflow,4,0.25,inf,,best_val_loss
485,10.4,8.76584280032,0.102041329178,0.0922453269412,toy1d,radialflow,8,0.25,inf,,best_val_loss
486,25.4,23.6905044269,0.151054441291,0.058136954608,toy1d,radialflow,20,0.25,inf,,best_val_loss
487,12.9,11.2911469745,0.0972954195765,0.0533541137513,toy1d,radialflow,1,0.5,inf,,best_val_loss
488,38.3,55.447362426,0.905308003836,2.40036693199,toy1d,radialflow,2,0.5,inf,,best_val_loss
489,16.4,12.6111062163,0.162961001943,0.0649588923416,toy1d,radialflow,3,0.5,inf,,best_val_loss
490,23.4,26.2343286554,0.12227369326,0.074035375281,toy1d,radialflow,4,0.5,inf,,best_val_loss
491,44.3,34.7506834465,0.967132309755,2.58013017642,toy1d,radialflow,8,0.5,inf,,best_val_loss
492,22.6,15.4609184721,0.0814641004241,0.0570366379552,toy1d,radialflow,20,0.5,inf,,best_val_loss
493,16.7,18.2375985261,0.148402902984,0.153347005527,toy1d,radialflow,1,1.0,inf,,best_val_loss
494,18.4,15.4867685461,0.102864822328,0.0759970468713,toy1d,radialflow,2,1.0,inf,,best_val_loss
495,22.4,20.4899975598,0.0945750916763,0.0403606960683,toy1d,radialflow,3,1.0,inf,,best_val_loss
496,42.6,46.6008583612,0.101512284597,0.05228040428,toy1d,radialflow,4,1.0,inf,,best_val_loss
497,26.3,15.8496056733,0.132772813923,0.0694223536509,toy1d,radialflow,8,1.0,inf,,best_val_loss
498,23.7,20.169531477,0.10014803089,0.0750901912275,toy1d,radialflow,20,1.0,inf,,best_val_loss
499,13.2,12.9753612666,0.162331953042,0.0881192418503,toy1d,baseline,1,0.25,inf,,best_val_loss
500,21.4,20.6455806409,0.0804232395691,0.0428621216801,toy1d,baseline,2,0.25,inf,,best_val_loss
501,14.9,12.3243661095,0.180506966388,0.165963496463,toy1d,baseline,3,0.25,inf,,best_val_loss
502,28.0,21.8449078735,0.120531186899,0.0564364718746,toy1d,baseline,4,0.25,inf,,best_val_loss
503,25.8,13.8621787609,0.0913385256446,0.0428719609182,toy1d,baseline,8,0.25,inf,,best_val_loss
504,14.4,10.2683981224,0.120107150404,0.0712587577561,toy1d,baseline,20,0.25,inf,,best_val_loss
505,17.2,15.9298462014,0.134044524636,0.0485770417754,toy1d,baseline,1,0.5,inf,,best_val_loss
506,26.0,16.4134091523,0.0884020701736,0.0633081679553,toy1d,baseline,2,0.5,inf,,best_val_loss
507,28.8,22.6530351167,0.114953747933,0.0510698798637,toy1d,baseline,3,0.5,inf,,best_val_loss
508,37.2,16.6120438237,0.0788514827391,0.0562719875616,toy1d,baseline,4,0.5,inf,,best_val_loss
509,17.8,14.5588461081,0.116131092672,0.0635668530906,toy1d,baseline,8,0.5,inf,,best_val_loss
510,23.2,12.4322162143,0.117559229801,0.0746073270026,toy1d,baseline,20,0.5,inf,,best_val_loss
511,26.4,23.3375234333,0.359341798735,0.702232864643,toy1d,baseline,1,1.0,inf,,best_val_loss
512,24.5,22.4822151933,0.0696096315162,0.0486407489744,toy1d,baseline,2,1.0,inf,,best_val_loss
513,21.9,19.4496786606,0.914961605881,2.39888002405,toy1d,baseline,3,1.0,inf,,best_val_loss
514,14.0,11.4280357017,0.860257557134,2.23413640056,toy1d,baseline,4,1.0,inf,,best_val_loss
515,18.7,13.1837020597,0.0931677749472,0.0614377506964,toy1d,baseline,8,1.0,inf,,best_val_loss
516,25.3,17.9334882273,0.0617109145133,0.0666493169414,toy1d,baseline,20,1.0,inf,,best_val_loss
517,20.0,17.9610690105,0.0829731600799,0.04608001713,toy1d,planarflowdet,1,0.25,inf,,best_val_loss
518,28.9,27.7721083103,0.117645278116,0.0808009635991,toy1d,planarflowdet,2,0.25,inf,,best_val_loss
519,29.1,28.7452604789,0.0610021494492,0.0622877942129,toy1d,planarflowdet,3,0.25,inf,,best_val_loss
520,30.0,31.4356485538,4.65635131848,2.30387282401,toy1d,planarflowdet,4,0.25,inf,,best_val_loss
521,25.6,27.0784046797,0.109424969621,0.0704510620805,toy1d,planarflowdet,8,0.25,inf,,best_val_loss
522,22.5,24.2785913924,0.0932236282728,0.0674470125047,toy1d,planarflowdet,20,0.25,inf,,best_val_loss
523,23.7,9.58175349297,0.117518112656,0.0713777287109,toy1d,planarflowdet,1,0.5,inf,,best_val_loss
524,20.1,20.250679001,0.0764291160046,0.0702982873621,toy1d,planarflowdet,2,0.5,inf,,best_val_loss
525,24.3,18.3142021393,0.0856371533741,0.0710119425451,toy1d,planarflowdet,3,0.5,inf,,best_val_loss
526,26.1,28.0622522261,0.0948806593911,0.0669846860594,toy1d,planarflowdet,4,0.5,inf,,best_val_loss
527,23.1,28.423405848,0.0971253113826,0.0941022464953,toy1d,planarflowdet,8,0.5,inf,,best_val_loss
528,25.8,20.6194083329,0.0971241952959,0.0479117379307,toy1d,planarflowdet,20,0.5,inf,,best_val_loss
529,36.4,20.7759476318,0.069327827171,0.0705227600524,toy1d,planarflowdet,1,1.0,inf,,best_val_loss
530,25.7,28.2242803274,0.0682610407016,0.0602428083862,toy1d,planarflowdet,2,1.0,inf,,best_val_loss
531,31.2,25.9722929292,0.103703191812,0.0623410062354,toy1d,planarflowdet,3,1.0,inf,,best_val_loss
532,20.5,19.402319449,0.0720374558097,0.0638186237918,toy1d,planarflowdet,4,1.0,inf,,best_val_loss
533,12.3,10.1788997441,0.0886943446119,0.0660652011025,toy1d,planarflowdet,8,1.0,inf,,best_val_loss
534,19.4,35.8976322339,0.0888184840446,0.0855388497924,toy1d,planarflowdet,20,1.0,inf,,best_val_loss
535,27.1,29.2316609176,0.157333486541,0.309760868877,toy1d,planarflow,1,0.25,inf,,best_val_loss
536,24.9,22.5541570448,0.114233594018,0.068886216618,toy1d,planarflow,2,0.25,inf,,best_val_loss
537,37.5,33.4731235471,0.956765912224,2.53109967542,toy1d,planarflow,3,0.25,inf,,best_val_loss
538,24.2,20.2918702933,0.107028329183,0.0619916873042,toy1d,planarflow,4,0.25,inf,,best_val_loss
539,27.7,15.8748228337,0.113470958094,0.0564404919393,toy1d,planarflow,8,0.25,inf,,best_val_loss
540,15.1,13.4792433022,0.130521491357,0.0559976122603,toy1d,planarflow,20,0.25,inf,,best_val_loss
541,17.4,21.6619482042,0.106507723759,0.0634927795578,toy1d,planarflow,1,0.5,inf,,best_val_loss
542,20.1,13.945967159,0.961409198172,2.48861735305,toy1d,planarflow,2,0.5,inf,,best_val_loss
543,30.2,24.198347051,0.0992775302792,0.0484183152497,toy1d,planarflow,3,0.5,inf,,best_val_loss
544,19.1,19.1491514172,0.0672048911829,0.075279736487,toy1d,planarflow,4,0.5,inf,,best_val_loss
545,29.7,26.4841462011,0.808572512115,2.00858964595,toy1d,planarflow,8,0.5,inf,,best_val_loss
546,25.8,22.1079171339,0.125081502715,0.0665492237627,toy1d,planarflow,20,0.5,inf,,best_val_loss
547,26.0,33.337666385,0.241852631214,0.366200907958,toy1d,planarflow,1,1.0,inf,,best_val_loss
548,33.1,37.2812285205,0.108637493943,0.0656935222978,toy1d,planarflow,2,1.0,inf,,best_val_loss
549,18.8,18.8509946687,0.13126996602,0.0672270403454,toy1d,planarflow,3,1.0,inf,,best_val_loss
550,35.6,37.2859222764,0.0886478066979,0.0433358435856,toy1d,planarflow,4,1.0,inf,,best_val_loss
551,34.3,36.9622780683,1.13555194379,2.08926725366,toy1d,planarflow,8,1.0,inf,,best_val_loss
552,16.6,16.7284189331,0.126911246592,0.0669850292285,toy1d,planarflow,20,1.0,inf,,best_val_loss
553,12.0,16.4802912596,0.0956408647106,0.0522518670742,toy1d,baselinedet,1,0.25,inf,,best_val_loss
554,1.1,0.830662386292,0.076210395664,0.0861290879283,toy1d,baselinedet,2,0.25,inf,,best_val_loss
555,1.8,1.6,0.0675146226311,0.0381614199684,toy1d,baselinedet,3,0.25,inf,,best_val_loss
556,7.3,10.9091704543,0.102185001592,0.0714440469717,toy1d,baselinedet,4,0.25,inf,,best_val_loss
557,2.8,4.66476151588,0.0805570598069,0.0710606501776,toy1d,baselinedet,8,0.25,inf,,best_val_loss
558,1.6,2.61533936612,0.104246303791,0.0844664094527,toy1d,baselinedet,20,0.25,inf,,best_val_loss
559,8.5,11.9268604419,0.105668028426,0.0767733961183,toy1d,baselinedet,1,0.5,inf,,best_val_loss
560,5.7,5.64003546088,0.0470771710252,0.0602918813121,toy1d,baselinedet,2,0.5,inf,,best_val_loss
561,0.5,0.67082039325,0.0549283826634,0.0555157020768,toy1d,baselinedet,3,0.5,inf,,best_val_loss
562,1.3,2.93428015022,0.0817764663632,0.0371052567359,toy1d,baselinedet,4,0.5,inf,,best_val_loss
563,3.3,4.40567815438,0.069925466429,0.0729122896324,toy1d,baselinedet,8,0.5,inf,,best_val_loss
564,1.7,2.7946377225,0.0951959837092,0.0573826602573,toy1d,baselinedet,20,0.5,inf,,best_val_loss
565,8.6,5.8,0.0913458114255,0.0711472552295,toy1d,baselinedet,1,1.0,inf,,best_val_loss
566,5.9,6.68505796534,0.116530417225,0.0545639602949,toy1d,baselinedet,2,1.0,inf,,best_val_loss
567,0.8,0.4,0.127543051772,0.0465923019957,toy1d,baselinedet,3,1.0,inf,,best_val_loss
568,6.2,5.61782876208,0.0486839084608,0.0488745743327,toy1d,baselinedet,4,1.0,inf,,best_val_loss
569,10.4,14.5340978392,0.0933608621821,0.078444623364,toy1d,baselinedet,8,1.0,inf,,best_val_loss
570,12.7,11.9,0.0787678399096,0.0687297459542,toy1d,baselinedet,20,1.0,inf,,best_val_loss
571,18.8,18.4596858045,0.734418437147,1.86605780278,toy1d,radialflowdet,1,0.25,inf,,best_val_loss
572,20.6,21.1622305063,0.0858799999635,0.0736244279526,toy1d,radialflowdet,2,0.25,inf,,best_val_loss
573,16.0,16.4377614048,0.084199885766,0.0727736528599,toy1d,radialflowdet,3,0.25,inf,,best_val_loss
574,24.7,22.0002272716,0.097865379591,0.0776247685007,toy1d,radialflowdet,4,0.25,inf,,best_val_loss
575,39.3,48.1145508137,0.104951893829,0.0938939590957,toy1d,radialflowdet,8,0.25,inf,,best_val_loss
576,21.6,27.5942022896,0.0918751161756,0.0471429488466,toy1d,radialflowdet,20,0.25,inf,,best_val_loss
577,23.1,15.7952524513,0.0695361667644,0.0351226986087,toy1d,radialflowdet,1,0.5,inf,,best_val_loss
578,18.4,18.5051344226,0.0958697634158,0.0727019152299,toy1d,radialflowdet,2,0.5,inf,,best_val_loss
579,32.5,36.6776498702,0.0822553288719,0.0430337551305,toy1d,radialflowdet,3,0.5,inf,,best_val_loss
580,21.4,34.038801389,0.0934347494788,0.0632466970189,toy1d,radialflowdet,4,0.5,inf,,best_val_loss
581,8.1,7.71297607931,0.126925500974,0.0635343680341,toy1d,radialflowdet,8,0.5,inf,,best_val_loss
582,8.3,13.9932126404,0.0918814043552,0.0492049089329,toy1d,radialflowdet,20,0.5,inf,,best_val_loss
583,28.8,34.7585960591,0.111668214164,0.0589918360376,toy1d,radialflowdet,1,1.0,inf,,best_val_loss
584,22.2,25.4825430442,0.0592613671128,0.073701384536,toy1d,radialflowdet,2,1.0,inf,,best_val_loss
585,15.7,18.3469343488,0.134055986133,0.0677503238941,toy1d,radialflowdet,3,1.0,inf,,best_val_loss
586,27.3,21.0478027357,0.0611187465938,0.0473765863166,toy1d,radialflowdet,4,1.0,inf,,best_val_loss
587,18.8,21.9399179579,0.0598100742801,0.092821779053,toy1d,radialflowdet,8,1.0,inf,,best_val_loss
588,30.2,26.3469163281,0.0746113089078,0.0591312322476,toy1d,radialflowdet,20,1.0,inf,,best_val_loss
589,31.5,25.4843088978,6.20479762434,18.2491527174,toy2d,mixture,1,0.25,inf,,best_val_loss
590,15.4,10.7814655776,0.116795049312,0.0391647203992,toy2d,mixture,2,0.25,inf,,best_val_loss
591,29.4,16.193825984,1.28587062677,3.49459742302,toy2d,mixture,3,0.25,inf,,best_val_loss
592,44.0,29.7186809936,1.2270983151,3.30601237268,toy2d,mixture,4,0.25,inf,,best_val_loss
593,35.4,33.3382663017,0.125073013034,0.0932653682755,toy2d,mixture,8,0.25,inf,,best_val_loss
594,18.5,22.6770809409,0.126265391472,0.0512226825303,toy2d,mixture,20,0.25,inf,,best_val_loss
595,16.9,12.3162494291,0.150963307667,0.0637167088941,toy2d,mixture,1,0.5,inf,,best_val_loss
596,38.0,66.9641695237,0.417324117414,0.794826186496,toy2d,mixture,2,0.5,inf,,best_val_loss
597,12.7,10.040418318,0.256268595243,0.326063080159,toy2d,mixture,3,0.5,inf,,best_val_loss
598,16.9,11.8781311661,0.160181627609,0.11573414284,toy2d,mixture,4,0.5,inf,,best_val_loss
599,31.9,26.0363207846,0.158600551197,0.186453561664,toy2d,mixture,8,0.5,inf,,best_val_loss
600,34.8,17.9933320983,0.118805395267,0.0570490886626,toy2d,mixture,20,0.5,inf,,best_val_loss
601,23.4,22.9137513297,0.821060865606,2.17787791872,toy2d,mixture,1,1.0,inf,,best_val_loss
602,21.8,22.1033934046,0.115710396436,0.038890253108,toy2d,mixture,2,1.0,inf,,best_val_loss
603,25.8,40.1766101109,0.566087694672,1.27618459641,toy2d,mixture,3,1.0,inf,,best_val_loss
604,24.4,17.5624599644,5.52333358642,16.1261469031,toy2d,mixture,4,1.0,inf,,best_val_loss
605,32.5,42.2687828072,0.221007327354,0.240872932422,toy2d,mixture,8,1.0,inf,,best_val_loss
606,22.5,15.4029218007,1.56745121235,4.40084064266,toy2d,mixture,20,1.0,inf,,best_val_loss
607,15.4,12.3223374406,0.168804044775,0.0781606083413,toy2d,radialflow,1,0.25,inf,,best_val_loss
608,26.2,9.94786409236,0.34998790493,0.614691608987,toy2d,radialflow,2,0.25,inf,,best_val_loss
609,23.8,15.6831119361,0.172156792886,0.104948893557,toy2d,radialflow,3,0.25,inf,,best_val_loss
610,52.1,51.5527884794,0.13844132813,0.0475488329736,toy2d,radialflow,4,0.25,inf,,best_val_loss
611,23.2,19.1353076798,0.149309221552,0.098384400609,toy2d,radialflow,8,0.25,inf,,best_val_loss
612,25.2,29.5018643479,0.160815081374,0.0489489322507,toy2d,radialflow,20,0.25,inf,,best_val_loss
613,44.7,29.866536458,0.209115590304,0.124718246232,toy2d,radialflow,1,0.5,inf,,best_val_loss
614,18.1,23.9476512418,0.499818308509,1.0883944545,toy2d,radialflow,2,0.5,inf,,best_val_loss
615,23.0,23.7402611612,0.14152408328,0.0343438893362,toy2d,radialflow,3,0.5,inf,,best_val_loss
616,41.3,38.4838927345,0.301164122076,0.540010508032,toy2d,radialflow,4,0.5,inf,,best_val_loss
617,23.5,28.1256111045,0.160588536459,0.0874678531662,toy2d,radialflow,8,0.5,inf,,best_val_loss
618,25.3,25.8729588567,0.938162967839,2.42096714543,toy2d,radialflow,20,0.5,inf,,best_val_loss
619,17.9,17.420964382,0.128102127405,0.0475493329876,toy2d,radialflow,1,1.0,inf,,best_val_loss
620,25.6,21.9052505121,0.127558642151,0.0790964536481,toy2d,radialflow,2,1.0,inf,,best_val_loss
621,31.0,24.8917657068,0.900037717907,1.37461121233,toy2d,radialflow,3,1.0,inf,,best_val_loss
622,12.7,11.9,0.176024478568,0.0537319965673,toy2d,radialflow,4,1.0,inf,,best_val_loss
623,32.6,54.2368878163,0.133134238147,0.0632173249921,toy2d,radialflow,8,1.0,inf,,best_val_loss
624,37.8,33.3580574974,0.135148299043,0.0889815888591,toy2d,radialflow,20,1.0,inf,,best_val_loss
625,30.4,20.7711338159,0.173264758331,0.0474858083183,toy2d,baseline,1,0.25,inf,,best_val_loss
626,21.0,30.0433020822,2.10561224838,5.94551847876,toy2d,baseline,2,0.25,inf,,best_val_loss
627,33.4,23.7200337268,0.137411892801,0.0609288678978,toy2d,baseline,3,0.25,inf,,best_val_loss
628,23.3,18.0113852882,0.158607205323,0.0957244240869,toy2d,baseline,4,0.25,inf,,best_val_loss
629,42.6,37.3876985117,0.174187532428,0.0842146203191,toy2d,baseline,8,0.25,inf,,best_val_loss
630,28.9,25.351331326,0.13707436326,0.071286743605,toy2d,baseline,20,0.25,inf,,best_val_loss
631,32.7,16.3526756221,0.131913692486,0.0784999198249,toy2d,baseline,1,0.5,inf,,best_val_loss
632,20.3,18.2211415669,0.156572012061,0.0663838606429,toy2d,baseline,2,0.5,inf,,best_val_loss
633,10.4,12.9011627383,2.11655277416,5.85486187989,toy2d,baseline,3,0.5,inf,,best_val_loss
634,31.7,21.1047388044,0.166393288547,0.149959942726,toy2d,baseline,4,0.5,inf,,best_val_loss
635,10.7,11.1897274319,0.1205104007,0.0575063634512,toy2d,baseline,8,0.5,inf,,best_val_loss
636,31.0,17.3031788987,0.132945071722,0.0881790478442,toy2d,baseline,20,0.5,inf,,best_val_loss
637,30.2,19.8333053221,0.138448771182,0.0398296445704,toy2d,baseline,1,1.0,inf,,best_val_loss
638,43.4,33.8236603578,0.152279899277,0.0595588785406,toy2d,baseline,2,1.0,inf,,best_val_loss
639,23.8,16.1728166996,0.178477385927,0.137157689915,toy2d,baseline,3,1.0,inf,,best_val_loss
640,46.5,49.0474260283,0.117235362932,0.0764548317643,toy2d,baseline,4,1.0,inf,,best_val_loss
641,27.0,28.0535202782,0.151395567183,0.0592766081042,toy2d,baseline,8,1.0,inf,,best_val_loss
642,21.8,20.7643925989,0.128536066598,0.0840758170611,toy2d,baseline,20,1.0,inf,,best_val_loss
643,30.4,31.0328857827,0.141871702975,0.0556074219628,toy2d,planarflowdet,1,0.25,inf,,best_val_loss
644,33.4,30.2397089933,0.0933910540615,0.0492516449293,toy2d,planarflowdet,2,0.25,inf,,best_val_loss
645,24.9,25.8048445064,0.124584449473,0.0851511830995,toy2d,planarflowdet,3,0.25,inf,,best_val_loss
646,27.8,24.3384469513,0.101646288724,0.0851544068951,toy2d,planarflowdet,4,0.25,inf,,best_val_loss
647,56.0,39.0589298369,0.106545033702,0.0701749354646,toy2d,planarflowdet,8,0.25,inf,,best_val_loss
648,48.1,31.7126157862,0.0728690433141,0.040988706992,toy2d,planarflowdet,20,0.25,inf,,best_val_loss
649,25.4,21.2424104094,0.242587416771,0.152071402669,toy2d,planarflowdet,1,0.5,inf,,best_val_loss
650,26.3,23.8497379441,0.223016537536,0.383021563925,toy2d,planarflowdet,2,0.5,inf,,best_val_loss
651,36.6,40.9492368671,0.112106258394,0.0815952219583,toy2d,planarflowdet,3,0.5,inf,,best_val_loss
652,41.3,34.6642467104,0.215717073361,0.186173990912,toy2d,planarflowdet,4,0.5,inf,,best_val_loss
653,48.4,56.8527923677,0.423813355994,0.868112231492,toy2d,planarflowdet,8,0.5,inf,,best_val_loss
654,29.6,33.2722106269,0.123210739827,0.0664282349486,toy2d,planarflowdet,20,0.5,inf,,best_val_loss
655,28.4,28.4049291497,0.14530484986,0.053764734485,toy2d,planarflowdet,1,1.0,inf,,best_val_loss
656,38.8,31.108841187,0.103483725704,0.0776230276783,toy2d,planarflowdet,2,1.0,inf,,best_val_loss
657,22.7,21.9956813943,0.113170851357,0.0728769097704,toy2d,planarflowdet,3,1.0,inf,,best_val_loss
658,37.6,28.2460616724,0.153384270525,0.185162043229,toy2d,planarflowdet,4,1.0,inf,,best_val_loss
659,25.9,28.6337213788,0.150256460285,0.0990028071223,toy2d,planarflowdet,8,1.0,inf,,best_val_loss
660,20.2,21.9490318693,0.0901202601059,0.0705266797717,toy2d,planarflowdet,20,1.0,inf,,best_val_loss
661,23.5,19.489740891,0.110219161126,0.0684876192756,toy2d,planarflow,1,0.25,inf,,best_val_loss
662,18.3,18.6228354447,0.324273262357,0.477785345492,toy2d,planarflow,2,0.25,inf,,best_val_loss
663,32.2,34.2134476485,0.152487868185,0.0744264114962,toy2d,planarflow,3,0.25,inf,,best_val_loss
664,34.8,32.2546120733,0.220293738293,0.124524683363,toy2d,planarflow,4,0.25,inf,,best_val_loss
665,16.8,20.2573443472,0.20216118137,0.0522543231683,toy2d,planarflow,8,0.25,inf,,best_val_loss
666,22.0,20.6591384138,3.59609833955,3.19034849193,toy2d,planarflow,20,0.25,inf,,best_val_loss
667,16.6,16.3474768695,0.14159228299,0.0632649545362,toy2d,planarflow,1,0.5,inf,,best_val_loss
668,35.9,35.1096852734,0.468375759104,0.989366171561,toy2d,planarflow,2,0.5,inf,,best_val_loss
669,29.1,21.0069036271,0.21705574239,0.143112760288,toy2d,planarflow,3,0.5,inf,,best_val_loss
670,24.4,38.8128844586,0.154287482112,0.0585976199642,toy2d,planarflow,4,0.5,inf,,best_val_loss
671,23.1,36.9119221932,1.57523572517,2.86732875169,toy2d,planarflow,8,0.5,inf,,best_val_loss
672,23.1,20.2654879043,0.248980287034,0.0730363502304,toy2d,planarflow,20,0.5,inf,,best_val_loss
673,22.2,25.9221912654,0.131640824872,0.0575027311251,toy2d,planarflow,1,1.0,inf,,best_val_loss
674,24.7,34.7247750173,0.189329705294,0.13308269405,toy2d,planarflow,2,1.0,inf,,best_val_loss
675,25.5,14.6372811683,0.142071690468,0.0767936350492,toy2d,planarflow,3,1.0,inf,,best_val_loss
676,28.3,24.4296950452,0.130741966961,0.0502350571307,toy2d,planarflow,4,1.0,inf,,best_val_loss
677,33.0,24.9439371391,0.177498788321,0.178760000196,toy2d,planarflow,8,1.0,inf,,best_val_loss
678,35.9,21.5844851688,0.131269406649,0.065199748374,toy2d,planarflow,20,1.0,inf,,best_val_loss
679,16.8,22.8245481883,0.094215433942,0.054323046798,toy2d,baselinedet,1,0.25,inf,,best_val_loss
680,16.6,17.2522462306,0.0446925500352,0.0545715050312,toy2d,baselinedet,2,0.25,inf,,best_val_loss
681,25.7,17.1816762861,0.0823762330643,0.0707250778596,toy2d,baselinedet,3,0.25,inf,,best_val_loss
682,40.0,57.2398462611,0.0664126497075,0.061378243908,toy2d,baselinedet,4,0.25,inf,,best_val_loss
683,5.4,6.00333240792,0.03496183704,0.0607392889677,toy2d,baselinedet,8,0.25,inf,,best_val_loss
684,3.6,3.32264954517,0.0973539012619,0.070086272831,toy2d,baselinedet,20,0.25,inf,,best_val_loss
685,13.4,9.29731143934,0.0668868637219,0.0633650340874,toy2d,baselinedet,1,0.5,inf,,best_val_loss
686,11.2,16.773789077,0.0905489140304,0.0705717529811,toy2d,baselinedet,2,0.5,inf,,best_val_loss
687,14.5,22.5444006352,0.112374946664,0.0678122480312,toy2d,baselinedet,3,0.5,inf,,best_val_loss
688,10.6,13.6176356244,0.0662390684764,0.0774484150185,toy2d,baselinedet,4,0.5,inf,,best_val_loss
689,2.6,3.77359245282,0.0692786717056,0.0549404629228,toy2d,baselinedet,8,0.5,inf,,best_val_loss
690,8.0,11.0,0.100465046775,0.0467339913252,toy2d,baselinedet,20,0.5,inf,,best_val_loss
691,16.9,16.3734541255,0.0968506742191,0.0950829487954,toy2d,baselinedet,1,1.0,inf,,best_val_loss
692,14.4,10.6883113727,0.0846515729283,0.0326496622898,toy2d,baselinedet,2,1.0,inf,,best_val_loss
693,25.3,19.519477452,0.0843261666365,0.0964782828506,toy2d,baselinedet,3,1.0,inf,,best_val_loss
694,11.1,13.1867357598,0.0618041509421,0.0612926440699,toy2d,baselinedet,4,1.0,inf,,best_val_loss
695,21.3,12.2233383329,0.0435095365767,0.0891659379006,toy2d,baselinedet,8,1.0,inf,,best_val_loss
696,14.5,14.5,0.0904255949656,0.0625423292282,toy2d,baselinedet,20,1.0,inf,,best_val_loss
697,28.6,23.3032186618,0.100634060401,0.0787005944502,toy2d,radialflowdet,1,0.25,inf,,best_val_loss
698,42.7,47.9333912842,0.0698939989423,0.0637441957377,toy2d,radialflowdet,2,0.25,inf,,best_val_loss
699,24.6,34.1326822855,0.0907685493276,0.0693336668167,toy2d,radialflowdet,3,0.25,inf,,best_val_loss
700,16.9,10.9128364782,0.0880366859784,0.0459144137469,toy2d,radialflowdet,4,0.25,inf,,best_val_loss
701,26.4,21.0247473231,0.0751915920907,0.0323884267642,toy2d,radialflowdet,8,0.25,inf,,best_val_loss
702,31.9,29.9814942923,0.037257763282,0.0579920623492,toy2d,radialflowdet,20,0.25,inf,,best_val_loss
703,33.4,19.5253681143,0.0797512513982,0.0758827559545,toy2d,radialflowdet,1,0.5,inf,,best_val_loss
704,38.3,41.0683576492,0.0853081618033,0.0910282387149,toy2d,radialflowdet,2,0.5,inf,,best_val_loss
705,35.4,29.0179254944,0.0922108034091,0.0425232497682,toy2d,radialflowdet,3,0.5,inf,,best_val_loss
706,19.5,20.5,0.0731781571542,0.0655056975062,toy2d,radialflowdet,4,0.5,inf,,best_val_loss
707,20.7,31.352990288,0.0645808942756,0.0536420467347,toy2d,radialflowdet,8,0.5,inf,,best_val_loss
708,21.8,17.548789132,0.0896842429935,0.0596410688192,toy2d,radialflowdet,20,0.5,inf,,best_val_loss
709,33.0,22.2126090318,0.0700819307093,0.060199900125,toy2d,radialflowdet,1,1.0,inf,,best_val_loss
710,30.8,45.7182676837,0.124262613373,0.0291117638015,toy2d,radialflowdet,2,1.0,inf,,best_val_loss
711,17.9,15.45606677,0.104301431238,0.061332240507,toy2d,radialflowdet,3,1.0,inf,,best_val_loss
712,29.5,22.9096049726,0.0669640624634,0.0582955128611,toy2d,radialflowdet,4,1.0,inf,,best_val_loss
713,17.8,17.6340579561,0.0721388202987,0.0555384855768,toy2d,radialflowdet,8,1.0,inf,,best_val_loss
714,18.4,34.774128314,0.0862198438099,0.0719279766118,toy2d,radialflowdet,20,1.0,inf,,best_val_loss
715,89.4,162.953490297,3.6862246418,0.628622012585,winered,mixture,1,0.25,inf,,best_val_loss
716,83.5,110.968689278,187.421036418,455.059187693,winered,mixture,2,0.25,inf,,best_val_loss
717,85.0,143.3813098,148.536342154,245.119798509,winered,mixture,3,0.25,inf,,best_val_loss
718,82.5,139.202191075,68.5197268804,88.7161849452,winered,mixture,4,0.25,inf,,best_val_loss
719,35.9,40.6729639933,3308648.66241,1830487.91867,winered,mixture,8,0.25,inf,,best_val_loss
720,36.5,30.6112724335,inf,,winered,mixture,20,0.25,inf,,best_val_loss
721,152.2,210.893243135,2883.32739335,6617.34009168,winered,mixture,1,0.5,inf,,best_val_loss
722,91.9,101.029154208,128725.815059,172829.766213,winered,mixture,2,0.5,3.0623451829,2.15756829629,best_val_loss
723,99.7,83.5632096081,61.7557178052,86.6473119159,winered,mixture,3,0.5,6.69416179657,4.76513554308,best_val_loss
724,101.3,130.53738928,463.066725604,1031.71708953,winered,mixture,4,0.5,inf,,best_val_loss
725,41.5,32.7330108606,9317.35450815,4415.14695093,winered,mixture,8,0.5,inf,,best_val_loss
726,40.3,30.5059010685,577854.981212,178659.246349,winered,mixture,20,0.5,8.81856703758,2.01426913898,best_val_loss
727,138.8,222.700157162,1826.6847675,1877.43807712,winered,mixture,1,1.0,inf,,best_val_loss
728,101.7,97.4792798496,15274.3859116,23458.0354954,winered,mixture,2,1.0,2.83103245497,1.86613380738,best_val_loss
729,134.0,155.689434452,1095060.57756,1846712.97716,winered,mixture,3,1.0,4.24835404158,4.66483891766,best_val_loss
730,136.8,189.880910046,267.74962533,493.174898024,winered,mixture,4,1.0,2.09138201475,2.19083761488,best_val_loss
731,48.7,38.4708980919,441263.415149,252458.133242,winered,mixture,8,1.0,inf,,best_val_loss
732,47.4,60.0702921584,4023101.27695,1497614.96832,winered,mixture,20,1.0,inf,,best_val_loss
733,44.0,84.2211374894,1.10183508873,0.325062769027,winered,baselinedet,1,0.25,inf,,best_val_loss
734,39.3,64.4779807376,1.16344307899,0.290107749585,winered,baselinedet,2,0.25,inf,,best_val_loss
735,37.3,67.5633776539,1.06677405357,0.291800421799,winered,baselinedet,3,0.25,0.618945425749,0.251702433432,best_val_loss
736,33.9,60.0274104056,1.09612418175,0.26870310026,winered,baselinedet,4,0.25,inf,,best_val_loss
737,41.8,78.9680948232,1.29697843552,0.422142448793,winered,baselinedet,8,0.25,inf,,best_val_loss
738,40.1,84.3249073525,1.40082505226,0.358210019827,winered,baselinedet,20,0.25,inf,,best_val_loss
739,68.1,143.47992891,1.1417331028,0.322320990758,winered,baselinedet,1,0.5,inf,,best_val_loss
740,45.8,90.9701049796,1.3138476181,0.285518375575,winered,baselinedet,2,0.5,inf,,best_val_loss
741,48.8,97.1121001729,1.31550605774,0.266331510271,winered,baselinedet,3,0.5,inf,,best_val_loss
742,61.1,121.64657825,1.18484682083,0.27739488196,winered,baselinedet,4,0.5,inf,,best_val_loss
743,54.7,93.2127137251,1.36883055687,0.479783574764,winered,baselinedet,8,0.5,inf,,best_val_loss
744,44.3,84.9647573998,1.25402727127,0.308966442204,winered,baselinedet,20,0.5,inf,,best_val_loss
745,73.6,167.735625316,1.23097583771,0.191503650799,winered,baselinedet,1,1.0,inf,,best_val_loss
746,38.3,81.8059288805,1.22328715324,0.208324565672,winered,baselinedet,2,1.0,inf,,best_val_loss
747,71.9,156.395300441,1.35921198845,0.260896822963,winered,baselinedet,3,1.0,inf,,best_val_loss
748,46.2,93.2574929965,1.23282218933,0.221838667646,winered,baselinedet,4,1.0,inf,,best_val_loss
749,34.7,67.6698603516,1.32167705536,0.245104860402,winered,baselinedet,8,1.0,inf,,best_val_loss
750,81.0,162.456763479,1.13885334015,0.187265140957,winered,baselinedet,20,1.0,inf,,best_val_loss
751,163.9,344.79311188,3.51904517492,0.991207255358,winered,baseline,1,0.25,inf,,best_val_loss
752,111.4,200.215983378,34.8547624524,20.626814501,winered,baseline,2,0.25,inf,,best_val_loss
753,96.7,187.924479512,37.1957214101,22.4573532809,winered,baseline,3,0.25,inf,,best_val_loss
754,90.1,183.932841005,9.08140187581,3.28074271853,winered,baseline,4,0.25,inf,,best_val_loss
755,157.5,208.732484295,211831.615374,575073.362602,winered,baseline,8,0.25,inf,,best_val_loss
756,157.7,288.416729751,59214.5802657,177615.204152,winered,baseline,20,0.25,inf,,best_val_loss
757,215.7,400.358851532,47.1649681854,135.62337804,winered,baseline,1,0.5,inf,,best_val_loss
758,200.9,296.481179841,3016.50063293,5879.89312461,winered,baseline,2,0.5,0.893397474289,0.0809893701922,best_val_loss
759,102.7,140.747326795,45.4089116669,93.6794533053,winered,baseline,3,0.5,2.7574418962,3.53262867192,best_val_loss
760,108.4,220.21861865,inf,,winered,baseline,4,0.5,inf,,best_val_loss
761,199.9,326.489035038,26.2845913664,34.7674814267,winered,baseline,8,0.5,inf,,best_val_loss
762,206.3,319.197133446,2290.87578472,6449.8177742,winered,baseline,20,0.5,0.864896482229,0.0787306237496,best_val_loss
763,179.3,334.90358314,263.115551491,783.796868035,winered,baseline,1,1.0,inf,,best_val_loss
764,212.0,347.313691063,11.0692130311,18.6993207087,winered,baseline,2,1.0,0.847200143337,0.0416560575267,best_val_loss
765,91.0,85.2478738738,428.033867059,439.411859283,yacht,mixture,1,0.25,88.3728709221,80.6218277433,best_val_loss
766,94.6,90.0990565988,3789.14339311,2104.08612042,yacht,mixture,2,0.25,inf,,best_val_loss
767,41.0,42.3367452693,inf,,yacht,mixture,3,0.25,inf,,best_val_loss
768,39.8,29.2020547222,13687701.5452,4214948.00315,yacht,mixture,4,0.25,132.824514771,25.403245628,best_val_loss
769,21.7,28.263226992,inf,,yacht,mixture,8,0.25,inf,,best_val_loss
770,27.9,16.5072711252,307266.603674,62539.7858804,yacht,mixture,20,0.25,181.553822327,40.9450264872,best_val_loss
771,90.1,154.472942615,2.83649607012,0.134121281723,yacht,mixture,1,0.5,13.3788205147,4.05613072026,best_val_loss
772,67.6,105.712061753,3.44031118578,0.583547184285,yacht,mixture,2,0.5,inf,,best_val_loss
773,58.2,97.75049872,5.23614775135,1.1820802343,yacht,mixture,3,0.5,inf,,best_val_loss
774,60.2,74.1064099792,6.61667167294,2.98222438665,yacht,mixture,4,0.5,inf,,best_val_loss
775,55.2,62.7611344703,10.6103532217,14.3859818184,yacht,mixture,8,0.5,inf,,best_val_loss
776,59.9,44.9031179318,488.428788829,1171.36514105,yacht,mixture,20,0.5,93.5235450745,45.7796952354,best_val_loss
777,87.0,149.687006784,2.84939287042,0.58006287672,yacht,mixture,1,1.0,inf,,best_val_loss
778,113.8,197.247458792,69.4827815733,198.1777226,yacht,mixture,2,1.0,inf,,best_val_loss
779,66.0,119.875769028,7.25782923134,7.14047159371,yacht,mixture,3,1.0,inf,,best_val_loss
780,80.4,136.331361029,3.46326724483,1.55361522009,yacht,mixture,4,1.0,18.5889467239,3.00111834258,best_val_loss
781,65.5,69.4323411675,40.9859461892,81.7236053265,yacht,mixture,8,1.0,inf,,best_val_loss
782,47.6,55.525129446,15.7777167248,32.6247610964,yacht,mixture,20,1.0,123.022608948,18.5863084743,best_val_loss
783,80.4,113.385360607,1167.12801652,614.951541815,yacht,radialflowdet,1,0.25,inf,,best_val_loss
784,65.5,93.7168608096,-0.169620653378,0.918906396847,yacht,radialflowdet,2,0.25,inf,,best_val_loss
785,57.7,117.751475575,8.90349499487,3.81962166915,yacht,radialflowdet,3,0.25,inf,,best_val_loss
786,21.2,6.27375485654,496.547566409,157.326232763,yacht,radialflowdet,4,0.25,8.05790171623,3.21421510098,best_val_loss
787,65.0,116.653332571,35.1565105233,15.8935281418,yacht,radialflowdet,8,0.25,inf,,best_val_loss
788,0.0,0.0,inf,,yacht,radialflowdet,20,0.25,inf,,best_val_loss
789,97.9,133.986156001,-0.846826337999,0.374796098769,yacht,radialflowdet,1,0.5,1.04083622098,0.472086003989,best_val_loss
790,21.8,35.3943498316,4.5370865502,1.42979189119,yacht,radialflowdet,2,0.5,inf,,best_val_loss
791,46.9,71.9450484745,8.86746269144,2.90080395432,yacht,radialflowdet,3,0.5,inf,,best_val_loss
792,106.9,179.301115445,-1.62954228309,0.607515370842,yacht,radialflowdet,4,0.5,inf,,best_val_loss
793,179.7,348.760963985,-1.42334530636,0.750729546814,yacht,radialflowdet,8,0.5,inf,,best_val_loss
794,0.0,0.0,inf,,yacht,radialflowdet,20,0.5,inf,,best_val_loss
795,96.7,134.739044082,-1.08421993051,0.28559950879,yacht,radialflowdet,1,1.0,inf,,best_val_loss
796,62.5,79.7837702794,-0.602084184462,0.627159938593,yacht,radialflowdet,2,1.0,inf,,best_val_loss
797,105.3,169.193410037,-1.09731537193,0.264590035542,yacht,radialflowdet,3,1.0,inf,,best_val_loss
798,56.8,85.5953269753,-1.41029711244,1.00073817921,yacht,radialflowdet,4,1.0,inf,,best_val_loss
799,107.4,125.943796989,-0.875068284107,0.45873344358,yacht,radialflowdet,8,1.0,0.910923188925,0.342328139293,best_val_loss
800,0.0,0.0,inf,,yacht,radialflowdet,20,1.0,inf,,best_val_loss
801,108.4,146.527949552,445.490031384,475.087644053,yacht,planarflowdet,1,0.25,inf,,best_val_loss
802,134.6,77.8770826367,5047.9948149,10702.5016614,yacht,planarflowdet,2,0.25,inf,,best_val_loss
803,118.8,129.786594069,628339.984918,1011051.19557,yacht,planarflowdet,3,0.25,inf,,best_val_loss
804,94.5,90.3064228059,5145841.99272,6031796.33136,yacht,planarflowdet,4,0.25,inf,,best_val_loss
805,128.5,136.341666412,19860.5241684,16262.779255,yacht,planarflowdet,8,0.25,inf,,best_val_loss
806,172.9,149.029829229,102762.530894,146374.545748,yacht,planarflowdet,20,0.25,inf,,best_val_loss
807,138.4,253.548101945,17.6183585957,1.97055365845,yacht,planarflowdet,1,0.5,13.2762901306,3.12069591092,best_val_loss
808,74.4,106.56190689,11.3851962202,1.56850820695,yacht,planarflowdet,2,0.5,inf,,best_val_loss
809,83.1,127.623234562,7.21024808166,2.18602365647,yacht,planarflowdet,3,0.5,inf,,best_val_loss
810,131.5,189.153509087,47.4062764075,130.371227492,yacht,planarflowdet,4,0.5,inf,,best_val_loss
811,154.8,260.253645508,5.97576584355,6.89745379475,yacht,planarflowdet,8,0.5,169.940162563,242.030598903,best_val_loss
812,81.6,128.983874961,124.479415277,139.028871519,yacht,planarflowdet,20,0.5,inf,,best_val_loss
813,140.5,212.980398159,1.67252513382,0.499683011488,yacht,planarflowdet,1,1.0,inf,,best_val_loss
814,76.8,103.091027738,3.10394676783,0.421365269096,yacht,planarflowdet,2,1.0,inf,,best_val_loss
815,98.7,147.427982419,2.88421972645,1.0117475457,yacht,planarflowdet,3,1.0,inf,,best_val_loss
816,107.7,146.53194191,2.8094873844,1.03625114918,yacht,planarflowdet,4,1.0,42.5562104464,27.3510802259,best_val_loss
817,146.8,162.611684697,126.236655557,322.807607226,yacht,planarflowdet,8,1.0,inf,,best_val_loss
818,98.6,97.7948873919,13.4106227177,6.97208571561,yacht,planarflowdet,20,1.0,41.8755868912,40.5024253996,best_val_loss
819,104.6,163.595354457,154.989529491,294.675847584,yacht,baseline,1,0.25,42.7440244198,74.7958473568,best_val_loss
820,66.9,42.8682866464,2770.08372053,2497.75755735,yacht,baseline,2,0.25,57.8541379929,54.8511388698,best_val_loss
821,47.4,56.5105299922,inf,,yacht,baseline,3,0.25,inf,,best_val_loss
822,70.9,63.899061026,10325957.786,8168308.97952,yacht,baseline,4,0.25,175.204246902,131.786965328,best_val_loss
823,128.2,202.991034285,8136.84036601,17448.8856287,yacht,baseline,8,0.25,38.4376115799,46.7746156571,best_val_loss
824,90.8,99.719406336,94337.4597692,107928.246208,yacht,baseline,20,0.25,inf,,best_val_loss
825,69.5,125.804014244,3.07016392369,0.417295155022,yacht,baseline,1,0.5,inf,,best_val_loss
826,117.6,198.237836953,2.80240165136,0.422471021246,yacht,baseline,2,0.5,inf,,best_val_loss
827,46.0,70.2751734256,4.46676449827,0.598876444298,yacht,baseline,3,0.5,inf,,best_val_loss
828,130.4,271.262308477,3.10892549945,0.48354220362,yacht,baseline,4,0.5,inf,,best_val_loss
829,57.2,94.1422328182,3.48205478012,0.42717098298,yacht,baseline,8,0.5,12.8884425163,5.82552049089,best_val_loss
830,125.8,245.412224634,3.19609460933,0.368236997941,yacht,baseline,20,0.5,inf,,best_val_loss
831,84.6,124.868090399,4.32083272139,0.581032911025,yacht,baseline,1,1.0,7.16098973751,4.12360430938,best_val_loss
832,96.9,171.847868768,3.63162112697,0.805438581306,yacht,baseline,2,1.0,inf,,best_val_loss
833,82.3,133.520822346,3.45014381511,0.904798850837,yacht,baseline,3,1.0,inf,,best_val_loss
834,51.3,79.8424072783,32.026522821,87.1891421091,yacht,baseline,4,1.0,inf,,best_val_loss
835,79.7,119.421982901,3.52426373471,0.796662885999,yacht,baseline,8,1.0,inf,,best_val_loss
836,29.9,44.2706449016,3.35926201523,0.331331929921,yacht,baseline,20,1.0,inf,,best_val_loss
837,36.2,74.7339280381,1.2151515753,3.13932179692,yacht,baselinedetplus,1,0.25,inf,,best_val_loss
838,44.4,84.4135060284,1.00653946477,3.33053401931,yacht,baselinedetplus,2,0.25,inf,,best_val_loss
839,31.8,66.7859266612,1.51109016845,3.41163273948,yacht,baselinedetplus,3,0.25,inf,,best_val_loss
840,31.3,59.5651743891,0.768209106307,2.51454299684,yacht,baselinedetplus,4,0.25,inf,,best_val_loss
841,34.4,54.3492410251,1.01321371755,1.66787505674,yacht,baselinedetplus,8,0.25,inf,,best_val_loss
842,48.2,61.8672772958,2.41136445692,4.04322373725,yacht,baselinedetplus,20,0.25,inf,,best_val_loss
843,102.0,182.793325918,0.465227053242,2.08570363023,yacht,baselinedetplus,1,0.5,inf,,best_val_loss
844,144.1,171.30525386,0.449379516032,0.798824121525,yacht,baselinedetplus,2,0.5,inf,,best_val_loss
845,108.7,121.650359638,0.599724951098,0.735016830437,yacht,baselinedetplus,3,0.5,inf,,best_val_loss
846,31.9,46.1702285028,0.907617784316,0.477351974706,yacht,baselinedetplus,4,0.5,inf,,best_val_loss
847,49.8,47.4548206192,0.566175799889,1.06234859923,yacht,baselinedetplus,8,0.5,11.4468241453,19.3777645034,best_val_loss
848,35.1,32.8920963151,2.30421655716,0.718338431508,yacht,baselinedetplus,20,0.5,25.2256228447,17.6470264537,best_val_loss
849,47.3,64.7966820138,-0.315336098017,0.130125604227,yacht,baselinedetplus,1,1.0,inf,,best_val_loss
850,37.4,67.11810486,0.21787760027,0.0865731895837,yacht,baselinedetplus,2,1.0,inf,,best_val_loss
851,125.1,181.619629996,0.391204292543,0.251534675315,yacht,baselinedetplus,3,1.0,inf,,best_val_loss
852,38.9,60.1621974333,0.699364852905,0.110740884938,yacht,baselinedetplus,4,1.0,inf,,best_val_loss
853,33.7,24.7267062101,1.319505187,0.0494370891955,yacht,baselinedetplus,8,1.0,inf,,best_val_loss
854,22.8,18.0099972238,2.16567364354,0.154501339661,yacht,baselinedetplus,20,1.0,26.2454692841,4.7307862845,best_val_loss
855,155.6,363.733748778,520.733043988,1478.29099207,yacht,baselineplus,1,0.25,inf,,best_val_loss
856,193.5,313.457253864,4738.20205628,13195.6139421,yacht,baselineplus,2,0.25,57.6079948425,117.844552477,best_val_loss
857,229.5,434.393427667,1972699.52163,5815375.68558,yacht,baselineplus,3,0.25,inf,,best_val_loss
858,278.8,410.620457357,11520252.0285,33275494.0502,yacht,baselineplus,4,0.25,inf,,best_val_loss
859,330.9,535.080078119,33014.0168504,97387.2105453,yacht,baselineplus,8,0.25,inf,,best_val_loss
860,572.3,1030.66833171,24631.9651915,69390.4502223,yacht,baselineplus,20,0.25,17.4304144859,7.16686813004,best_val_loss
861,78.1,131.643799702,4.02441918158,0.170361709332,yacht,baselineplus,1,0.5,inf,,best_val_loss
862,67.3,108.88714341,6.90378131661,0.31455650191,yacht,baselineplus,2,0.5,34.7906906128,4.80708336913,best_val_loss
863,139.8,223.085095872,12.1993272351,1.99245150868,yacht,baselineplus,3,0.5,inf,,best_val_loss
864,127.7,225.679883906,16.0521499019,1.13276558355,yacht,baselineplus,4,0.5,inf,,best_val_loss
865,80.4,158.556109942,16.6604050585,0.845518499854,yacht,baselineplus,8,0.5,89.5813148499,28.6742504845,best_val_loss
866,73.3,116.038829708,171.300055662,2.15742273394,yacht,baselineplus,20,0.5,15.3711218834,2.35360886003,best_val_loss
867,112.9,156.468175678,4.3823626549,0.50481266723,yacht,baselineplus,1,1.0,inf,,best_val_loss
868,124.4,238.146677491,5.46904564314,0.717342060378,yacht,baselineplus,2,1.0,inf,,best_val_loss
869,125.0,197.211561527,6.26586119129,0.303522805151,yacht,baselineplus,3,1.0,inf,,best_val_loss
870,75.9,120.927622982,7.37213938723,0.443793788342,yacht,baselineplus,4,1.0,inf,,best_val_loss
871,177.3,259.277476847,282.639480632,823.00523396,yacht,baselineplus,8,1.0,148.947477341,254.887147878,best_val_loss
872,58.4,97.3048816864,34.4975406031,0.73885971737,yacht,baselineplus,20,1.0,142.989848328,46.6264477082,best_val_loss
873,104.7,81.2072041139,797.008624596,1029.62650819,yacht,planarflow,1,0.25,132.440165329,197.136135316,best_val_loss
874,94.8,68.4818224057,7935.97653439,8795.22412842,yacht,planarflow,2,0.25,384.809360123,708.794259189,best_val_loss
875,92.3,181.825768251,2809232.97887,4534427.59658,yacht,planarflow,3,0.25,inf,,best_val_loss
876,100.0,183.942382283,23726941.8077,46947814.2612,yacht,planarflow,4,0.25,inf,,best_val_loss
877,233.0,357.261528855,39080.4999582,16481.6570363,yacht,planarflow,8,0.25,272.142295837,68.7938860463,best_val_loss
878,0.0,0.0,,,yacht,planarflow,20,0.25,inf,,best_val_loss
879,109.5,206.675712168,3.43197688031,0.416704529741,yacht,planarflow,1,0.5,21.3510074615,9.79268016352,best_val_loss
880,69.2,108.087742136,4.15557308402,0.725911742426,yacht,planarflow,2,0.5,inf,,best_val_loss
881,207.3,328.146019327,2405.859894,6812.11996458,yacht,planarflow,3,0.5,inf,,best_val_loss
882,64.7,99.9180163934,30.714503036,64.7162360799,yacht,planarflow,4,0.5,inf,,best_val_loss
883,58.2,69.843825783,250.669643435,720.059409862,yacht,planarflow,8,0.5,348.278556824,699.134621559,best_val_loss
884,0.0,0.0,,,yacht,planarflow,20,0.5,inf,,best_val_loss
885,111.8,189.635861587,5.10368862972,2.02915305687,yacht,planarflow,1,1.0,inf,,best_val_loss
886,69.2,105.339261437,5.37671445108,1.09505350759,yacht,planarflow,2,1.0,inf,,best_val_loss
887,130.0,200.617546591,27.6387662375,69.6481021807,yacht,planarflow,3,1.0,inf,,best_val_loss
888,141.1,223.424461508,59.6471978136,20.759772393,yacht,planarflow,4,1.0,inf,,best_val_loss
889,141.3,216.025484608,3.95922860587,0.975964468641,yacht,planarflow,8,1.0,23.733905983,8.57047895824,best_val_loss
890,0.0,0.0,,,yacht,planarflow,20,1.0,inf,,best_val_loss
891,60.6,99.055741883,0.0965002067627,0.928281653676,yacht,baselinedet,1,0.25,inf,,best_val_loss
892,84.2,138.784581276,0.0304694914049,1.1290643086,yacht,baselinedet,2,0.25,inf,,best_val_loss
893,112.7,224.686470443,0.119772409624,0.989070644383,yacht,baselinedet,3,0.25,inf,,best_val_loss
894,76.2,151.59142456,0.172037562247,0.966071883078,yacht,baselinedet,4,0.25,inf,,best_val_loss
895,111.5,245.333752264,-0.205453909597,1.08695130788,yacht,baselinedet,8,0.25,inf,,best_val_loss
896,68.8,135.667092546,-0.420890402025,1.02215946344,yacht,baselinedet,20,0.25,inf,,best_val_loss
897,53.2,84.1294241036,0.3335892262,0.31671900895,yacht,baselinedet,1,0.5,4.7782115221,2.70351806026,best_val_loss
898,24.8,39.4634007658,-0.260695897379,0.897072034339,yacht,baselinedet,2,0.5,inf,,best_val_loss
899,29.3,54.5564844908,-0.807220600497,0.755878655213,yacht,baselinedet,3,0.5,inf,,best_val_loss
900,23.7,41.1802136954,-0.359979057312,0.980574883566,yacht,baselinedet,4,0.5,inf,,best_val_loss
901,34.3,53.9111305762,0.614912236121,0.45701373274,yacht,baselinedet,8,0.5,5.95273225307,2.65137801108,best_val_loss
902,95.0,127.671453348,-0.372542220546,1.02848194581,yacht,baselinedet,20,0.5,inf,,best_val_loss
903,25.4,53.6715939767,-0.73588649073,0.520055425795,yacht,baselinedet,1,1.0,inf,,best_val_loss
904,35.5,63.7671545547,-1.11690388649,0.532379456855,yacht,baselinedet,2,1.0,inf,,best_val_loss
905,70.3,118.341919876,-0.394894483013,0.450278726443,yacht,baselinedet,3,1.0,inf,,best_val_loss
906,29.5,54.2609435967,-1.2003656295,0.26765742595,yacht,baselinedet,4,1.0,inf,,best_val_loss
907,37.8,71.1066804175,-0.872580054498,0.628624202117,yacht,baselinedet,8,1.0,inf,,best_val_loss
908,41.1,73.1169610966,-0.303830646699,0.74933387641,yacht,baselinedet,20,1.0,inf,,best_val_loss
909,74.5,133.655714431,,,yacht,radialflow,1,0.25,inf,,best_val_loss
910,61.1,135.421157874,,,yacht,radialflow,2,0.25,inf,,best_val_loss
911,30.8,65.8434506994,,,yacht,radialflow,3,0.25,inf,,best_val_loss
912,118.0,251.442239888,,,yacht,radialflow,4,0.25,inf,,best_val_loss
913,197.2,353.17723596,2.55334609993,1.03313426779,yacht,radialflow,8,0.25,17.3626355171,2.61022919314,best_val_loss
914,0.0,0.0,inf,,yacht,radialflow,20,0.25,inf,,best_val_loss
915,18.8,39.6302914448,,,yacht,radialflow,1,0.5,inf,,best_val_loss
916,7.9,16.6159561868,,,yacht,radialflow,2,0.5,inf,,best_val_loss
917,1.3,2.83019433962,,,yacht,radialflow,3,0.5,inf,,best_val_loss
918,28.9,60.8448025718,,,yacht,radialflow,4,0.5,inf,,best_val_loss
919,88.0,139.00503588,2.25888099511,0.39974785335,yacht,radialflow,8,0.5,16.9819952011,3.39225963233,best_val_loss
920,0.0,0.0,inf,,yacht,radialflow,20,0.5,inf,,best_val_loss
921,5.2,10.4,,,yacht,radialflow,1,1.0,inf,,best_val_loss
922,16.0,32.0281126512,,,yacht,radialflow,2,1.0,inf,,best_val_loss
923,19.5,39.0313976178,,,yacht,radialflow,3,1.0,inf,,best_val_loss
924,0.4,0.8,,,yacht,radialflow,4,1.0,inf,,best_val_loss
925,42.5,43.8092455995,3.38049614101,0.403609214487,yacht,radialflow,8,1.0,7.26663532257,4.22818628646,best_val_loss
926,0.0,0.0,inf,,yacht,radialflow,20,1.0,inf,,best_val_loss
